[{"x":-2,"y":-28831,"frame":"Map_background","anchor":[0.5,0.5],"scale":[1,1],"angle":0},{"x":-1,"y":-26323,"frame":"Map_background","anchor":[0.5,0.5],"scale":[1,1],"angle":0},{"x":0,"y":-23818,"frame":"Map_background","anchor":[0.5,0.5],"scale":[1,1],"angle":0},{"x":0,"y":-21313,"frame":"Map_background","anchor":[0.5,0.5],"scale":[1,1],"angle":0},{"x":0,"y":-18808,"frame":"Map_background","anchor":[0.5,0.5],"scale":[1,1],"angle":0},{"x":0,"y":-13794,"frame":"Map_background","anchor":[0.5,0.5],"scale":[1,1],"angle":0},{"x":0,"y":-16303,"frame":"Map_background","anchor":[0.5,0.5],"scale":[1,1],"angle":0},{"x":0,"y":-11289,"frame":"Map_background","anchor":[0.5,0.5],"scale":[1,1],"angle":0},{"x":0,"y":-8781,"frame":"Map_background","anchor":[0.5,0.5],"scale":[1,1],"angle":0},{"x":0,"y":0,"frame":"Map_background","anchor":[0.5,1],"scale":[1,1],"angle":0},{"x":0,"y":-2509,"frame":"Map_background","anchor":[0.5,1],"scale":[1,1],"angle":0},{"x":0,"y":-5018,"frame":"Map_background","anchor":[0.5,1],"scale":[1,1],"angle":0},{"x":-453,"y":-170,"frame":"8","anchor":[0.5,0.5],"scale":[0.42500000000000004,0.375],"angle":0},{"x":-115,"y":-415,"frame":"18","anchor":[0.5,0.5],"scale":[0.625,0.6000000000000001],"angle":0},{"x":120,"y":-475,"frame":"17","anchor":[0.5,0.5],"scale":[0.4,0.4],"angle":0},{"x":-116,"y":-989,"frame":"23","anchor":[0.5,0.5],"scale":[0.8500000000000001,0.675],"angle":0},{"x":-3,"y":-2344,"frame":"18","anchor":[0.5,0.5],"scale":[0.55,0.525],"angle":13},{"x":-402,"y":-627,"frame":"4","anchor":[0.5,0.5],"scale":[1,1],"angle":0},{"x":335,"y":-960,"frame":"12","anchor":[0.5,0.5],"scale":[0.42500000000000004,0.375],"angle":0},{"x":450,"y":-715,"frame":"27","anchor":[0.5,0.5],"scale":[0.9000000000000002,0.9000000000000002],"angle":0},{"x":-466,"y":-459,"frame":"5","anchor":[0.5,0.5],"scale":[0.7999999999999998,0.7999999999999998],"angle":0},{"x":365,"y":-3265,"frame":"34","anchor":[0.5,0.5],"scale":[0.525,0.525],"angle":0},{"x":-75,"y":-2275,"frame":"34","anchor":[0.5,0.5],"scale":[0.7250000000000001,0.7250000000000001],"angle":0},{"x":94,"y":-1247,"frame":"8","anchor":[0.5,0.5],"scale":[0.4499999999999995,0.4499999999999995],"angle":0},{"x":365,"y":-29985,"frame":"9","anchor":[0.5,0.5],"scale":[0.6000000000000001,0.6000000000000001],"angle":0},{"x":480,"y":-29850,"frame":"5","anchor":[0.5,0.5],"scale":[0.7250000000000001,0.7250000000000001],"angle":0},{"x":305,"y":-29890,"frame":"19","anchor":[0.5,0.5],"scale":[0.35,0.35],"angle":0},{"x":290,"y":-29820,"frame":"14","anchor":[0.5,0.5],"scale":[0.4,0.4],"angle":0},{"x":260,"y":-29785,"frame":"27","anchor":[0.5,0.5],"scale":[0.5750000000000001,0.5750000000000001],"angle":0},{"x":-410,"y":-29860,"frame":"20","anchor":[0.5,0.5],"scale":[0.7250000000000001,0.7250000000000001],"angle":0},{"x":-520,"y":-29790,"frame":"23","anchor":[0.5,0.5],"scale":[0.47500000000000003,0.47500000000000003],"angle":0},{"x":-485,"y":-29700,"frame":"23","anchor":[0.5,0.5],"scale":[1,1],"angle":0},{"x":-565,"y":-29755,"frame":"20","anchor":[0.5,0.5],"scale":[0.6000000000000001,0.6000000000000001],"angle":0},{"x":-365,"y":-29800,"frame":"23","anchor":[0.5,0.5],"scale":[0.8,0.8250000000000001],"angle":0},{"x":-385,"y":-29690,"frame":"20","anchor":[0.5,0.5],"scale":[0.75,0.75],"angle":0},{"x":-455,"y":-29470,"frame":"38","anchor":[0.5,0.5],"scale":[0.525,0.5],"angle":0},{"x":-275,"y":-29620,"frame":"10","anchor":[0.5,0.5],"scale":[0.525,0.5],"angle":0},{"x":-270,"y":-29425,"frame":"27","anchor":[0.5,0.5],"scale":[0.675,0.65],"angle":0},{"x":-430,"y":-29070,"frame":"37","anchor":[0.5,0.5],"scale":[0.42500000000000004,0.375],"angle":0},{"x":-400,"y":-29320,"frame":"14","anchor":[0.5,0.5],"scale":[0.42500000000000004,0.42500000000000004],"angle":0},{"x":-230,"y":-29310,"frame":"23","anchor":[0.5,0.5],"scale":[1,1],"angle":0},{"x":30,"y":-29365,"frame":"28","anchor":[0.5,0.5],"scale":[0.6000000000000001,0.525],"angle":0},{"x":-15,"y":-28750,"frame":"18","anchor":[0.5,0.5],"scale":[0.525,0.525],"angle":0},{"x":-105,"y":-28670,"frame":"39","anchor":[0.5,0.5],"scale":[1,1],"angle":0},{"x":390,"y":-28845,"frame":"38","anchor":[0.5,0.5],"scale":[0.55,0.55],"angle":0},{"x":505,"y":-28570,"frame":"38","anchor":[0.5,0.5],"scale":[0.5,0.5],"angle":0},{"x":255,"y":-28500,"frame":"11","anchor":[0.5,0.5],"scale":[0.47500000000000003,0.47500000000000003],"angle":0},{"x":23,"y":-28573,"frame":"4","anchor":[0.5,0.5],"scale":[0.6999999999999997,0.6999999999999997],"angle":0},{"x":0,"y":-28066,"frame":"2","anchor":[0.5,0.5],"scale":[0.47500000000000003,0.47500000000000003],"angle":0},{"x":-535,"y":-28394,"frame":"24","anchor":[0.5,0.5],"scale":[0.675,0.7000000000000001],"angle":0},{"x":-495,"y":-28145,"frame":"22","anchor":[0.5,0.5],"scale":[0.65,0.65],"angle":0},{"x":-380,"y":-27870,"frame":"36","anchor":[0.5,0.5],"scale":[0.55,0.55],"angle":0},{"x":-305,"y":-28178,"frame":"35","anchor":[0.5,0.5],"scale":[1,1],"angle":0},{"x":555,"y":-29635,"frame":"22","anchor":[0.5,0.5],"scale":[0.55,0.55],"angle":0},{"x":315,"y":-27515,"frame":"19","anchor":[0.5,0.5],"scale":[1,1],"angle":0},{"x":335,"y":-27565,"frame":"20","anchor":[0.5,0.5],"scale":[0.5750000000000001,0.5750000000000001],"angle":0},{"x":435,"y":-27830,"frame":"26","anchor":[0.5,0.5],"scale":[0.6000000000000001,0.6000000000000001],"angle":0},{"x":-9,"y":-27516,"frame":"11","anchor":[0.5,0.5],"scale":[0.5,0.5],"angle":0},{"x":222,"y":-27662,"frame":"27","anchor":[0.5,0.5],"scale":[1,1],"angle":0},{"x":451,"y":-27635,"frame":"27","anchor":[0.5,0.5],"scale":[1,1],"angle":0},{"x":475,"y":-27425,"frame":"19","anchor":[0.5,0.5],"scale":[0.5750000000000001,0.5750000000000001],"angle":0},{"x":540,"y":-27545,"frame":"29","anchor":[0.5,0.5],"scale":[0.5250000000000001,0.5250000000000001],"angle":0},{"x":105,"y":-27400,"frame":"9","anchor":[0.5,0.5],"scale":[0.625,0.625],"angle":0},{"x":275,"y":-27330,"frame":"9","anchor":[0.5,0.5],"scale":[0.5,0.5],"angle":-11},{"x":-575,"y":-27670,"frame":"7","anchor":[0.5,0.5],"scale":[0.8250000000000001,0.8250000000000001],"angle":0},{"x":-537,"y":-27262,"frame":"6","anchor":[0.5,0.5],"scale":[1,1],"angle":0},{"x":-380,"y":-27519,"frame":"23","anchor":[0.5,0.5],"scale":[0.3499999999999994,0.3499999999999994],"angle":0},{"x":-360,"y":-27603,"frame":"30","anchor":[0.5,0.5],"scale":[0.47500000000000003,0.47500000000000003],"angle":0},{"x":460,"y":-27210,"frame":"11","anchor":[0.5,0.5],"scale":[0.525,0.525],"angle":0},{"x":-435,"y":-26915,"frame":"29","anchor":[0.5,0.5],"scale":[1.3250000000000002,1.3250000000000002],"angle":0},{"x":-535,"y":-26810,"frame":"34","anchor":[0.5,0.5],"scale":[1,1],"angle":0},{"x":-375,"y":-26610,"frame":"28","anchor":[0.5,0.5],"scale":[0.875,0.875],"angle":0},{"x":-520,"y":-26675,"frame":"34","anchor":[0.5,0.5],"scale":[0.7250000000000001,0.7250000000000001],"angle":0},{"x":130,"y":-26870,"frame":"39","anchor":[0.5,0.5],"scale":[1,1],"angle":0},{"x":-128,"y":-26922,"frame":"19","anchor":[0.5,0.5],"scale":[0.6249999999999997,0.6249999999999997],"angle":0},{"x":-130,"y":-26840,"frame":"19","anchor":[0.5,0.5],"scale":[0.625,0.625],"angle":0},{"x":-125,"y":-26750,"frame":"27","anchor":[0.5,0.5],"scale":[1,1],"angle":0},{"x":-90,"y":-26690,"frame":"27","anchor":[0.5,0.5],"scale":[1,1],"angle":0},{"x":-493,"y":-26498,"frame":"24","anchor":[0.5,0.5],"scale":[1,1],"angle":0},{"x":475,"y":-26528,"frame":"10","anchor":[0.5,0.5],"scale":[0.7999999999999998,0.7999999999999998],"angle":0},{"x":266,"y":-26362,"frame":"10","anchor":[0.5,0.5],"scale":[0.8749999999999999,0.8749999999999999],"angle":0},{"x":424,"y":-26377,"frame":"23","anchor":[0.5,0.5],"scale":[0.8499999999999999,0.8499999999999999],"angle":0},{"x":487,"y":-26219,"frame":"10","anchor":[0.5,0.5],"scale":[0.8249999999999998,0.8249999999999998],"angle":0},{"x":321,"y":-26159,"frame":"20","anchor":[0.5,0.5],"scale":[0.8499999999999999,0.8499999999999999],"angle":0},{"x":20,"y":-26235,"frame":"10","anchor":[0.5,0.5],"scale":[0.775,0.775],"angle":0},{"x":435,"y":-25985,"frame":"32","anchor":[0.5,0.5],"scale":[0.75,0.75],"angle":0},{"x":205,"y":-26145,"frame":"28","anchor":[0.5,0.5],"scale":[0.75,0.75],"angle":0},{"x":70,"y":-26000,"frame":"10","anchor":[0.5,0.5],"scale":[0.775,0.775],"angle":0},{"x":-536,"y":-25768,"frame":"36","anchor":[0.5,0.5],"scale":[0.7250000000000001,0.7250000000000001],"angle":0},{"x":-335,"y":-25565,"frame":"37","anchor":[0.5,0.5],"scale":[0.5,0.5],"angle":0},{"x":-278,"y":-25760,"frame":"31","anchor":[0.5,0.5],"scale":[0.6749999999999997,0.6749999999999997],"angle":0},{"x":-200,"y":-25722,"frame":"31","anchor":[0.5,0.5],"scale":[0.5499999999999996,0.5499999999999996],"angle":0},{"x":-140,"y":-25670,"frame":"31","anchor":[0.5,0.5],"scale":[0.8,0.8],"angle":0},{"x":-385,"y":-25378,"frame":"21","anchor":[0.5,0.5],"scale":[0.875,0.875],"angle":0},{"x":-60,"y":-25560,"frame":"36","anchor":[0.5,0.5],"scale":[0.625,0.625],"angle":0},{"x":427,"y":-25210,"frame":"30","anchor":[0.5,0.5],"scale":[1,1],"angle":0},{"x":240,"y":-24845,"frame":"33","anchor":[0.5,0.5],"scale":[0.65,0.65],"angle":0},{"x":480,"y":-25100,"frame":"30","anchor":[0.5,0.5],"scale":[0.75,0.75],"angle":0},{"x":240,"y":-25135,"frame":"27","anchor":[0.5,0.5],"scale":[1.1500000000000001,1.1500000000000001],"angle":0},{"x":50,"y":-25135,"frame":"13","anchor":[0.5,0.5],"scale":[0.9750000000000001,0.9750000000000001],"angle":0},{"x":-20,"y":-24955,"frame":"32","anchor":[0.5,0.5],"scale":[0.8500000000000001,0.8500000000000001],"angle":26},{"x":505,"y":-24830,"frame":"38","anchor":[0.5,0.5],"scale":[0.5,0.5],"angle":0},{"x":-483,"y":-24845,"frame":"22","anchor":[0.5,0.5],"scale":[1,1],"angle":0},{"x":-310,"y":-24404,"frame":"26","anchor":[0.5,0.5],"scale":[1,1],"angle":0},{"x":-415,"y":-24150,"frame":"36","anchor":[0.5,0.5],"scale":[0.7000000000000001,0.7000000000000001],"angle":0},{"x":330,"y":-23595,"frame":"1","anchor":[0.5,0.5],"scale":[1,1],"angle":0},{"x":-306,"y":-24572,"frame":"23","anchor":[0.5,0.5],"scale":[0.8499999999999999,0.8499999999999999],"angle":0},{"x":-4,"y":-24903,"frame":"20","anchor":[0.5,0.5],"scale":[0.7999999999999998,0.7999999999999998],"angle":0},{"x":450,"y":-23995,"frame":"9","anchor":[0.5,0.5],"scale":[0.8500000000000001,0.8500000000000001],"angle":0},{"x":-105,"y":-24144,"frame":"4","anchor":[0.5,0.5],"scale":[1,1],"angle":0},{"x":-510,"y":-23235,"frame":"5","anchor":[0.5,0.5],"scale":[1,1],"angle":0},{"x":-285,"y":-23120,"frame":"17","anchor":[0.5,0.5],"scale":[0.8,0.8],"angle":0},{"x":-315,"y":-23276,"frame":"29","anchor":[0.5,0.5],"scale":[0.6499999999999997,0.6499999999999997],"angle":0},{"x":-270,"y":-22765,"frame":"29","anchor":[0.5,0.5],"scale":[0.675,0.675],"angle":0},{"x":-200,"y":-22815,"frame":"29","anchor":[0.5,0.5],"scale":[0.65,0.65],"angle":0},{"x":-120,"y":-22855,"frame":"29","anchor":[0.5,0.5],"scale":[0.675,0.675],"angle":0},{"x":-40,"y":-22890,"frame":"29","anchor":[0.5,0.5],"scale":[0.675,0.675],"angle":0},{"x":35,"y":-22925,"frame":"29","anchor":[0.5,0.5],"scale":[0.65,0.65],"angle":0},{"x":115,"y":-22965,"frame":"29","anchor":[0.5,0.5],"scale":[0.65,0.65],"angle":0},{"x":-455,"y":-22970,"frame":"29","anchor":[0.5,0.5],"scale":[0.675,0.675],"angle":0},{"x":14,"y":-23088,"frame":"19","anchor":[0.5,0.5],"scale":[0.5999999999999996,0.5999999999999996],"angle":0},{"x":550,"y":-23110,"frame":"22","anchor":[0.5,0.5],"scale":[0.7000000000000001,0.7000000000000001],"angle":0},{"x":425,"y":-22765,"frame":"16","anchor":[0.5,0.5],"scale":[0.5750000000000001,0.5750000000000001],"angle":0},{"x":164,"y":-22623,"frame":"32","anchor":[0.5,0.5],"scale":[0.7749999999999998,0.7749999999999998],"angle":0},{"x":170,"y":-22380,"frame":"12","anchor":[0.5,0.5],"scale":[0.47500000000000003,0.47500000000000003],"angle":0},{"x":-70,"y":-22340,"frame":"4","anchor":[0.5,0.5],"scale":[0.7000000000000001,0.7000000000000001],"angle":0},{"x":440,"y":-22270,"frame":"37","anchor":[0.5,0.5],"scale":[0.42500000000000004,0.42500000000000004],"angle":0},{"x":-90,"y":-22430,"frame":"27","anchor":[0.5,0.5],"scale":[0.7250000000000001,0.7250000000000001],"angle":0},{"x":-505,"y":-22705,"frame":"22","anchor":[0.5,0.5],"scale":[0.8500000000000001,0.8500000000000001],"angle":0},{"x":-420,"y":-22120,"frame":"6","anchor":[0.5,0.5],"scale":[0.75,0.75],"angle":0},{"x":-425,"y":-21775,"frame":"18","anchor":[0.5,0.5],"scale":[0.45,0.45],"angle":0},{"x":-335,"y":-21755,"frame":"20","anchor":[0.5,0.5],"scale":[0.45,0.45],"angle":0},{"x":-415,"y":-21805,"frame":"20","anchor":[0.5,0.5],"scale":[0.55,0.55],"angle":-28},{"x":-90,"y":-21825,"frame":"9","anchor":[0.5,0.5],"scale":[0.775,0.775],"angle":0},{"x":-440,"y":-21625,"frame":"3","anchor":[0.5,0.5],"scale":[0.6000000000000001,0.6000000000000001],"angle":0},{"x":-175,"y":-21630,"frame":"17","anchor":[0.5,0.5],"scale":[0.525,0.525],"angle":0},{"x":-540,"y":-21390,"frame":"5","anchor":[0.5,0.5],"scale":[1,1],"angle":0},{"x":380,"y":-21495,"frame":"8","anchor":[0.5,0.5],"scale":[0.7250000000000001,0.7250000000000001],"angle":0},{"x":425,"y":-21215,"frame":"24","anchor":[0.5,0.5],"scale":[1,1],"angle":0},{"x":120,"y":-21165,"frame":"36","anchor":[0.5,0.5],"scale":[0.55,0.55],"angle":0},{"x":-130,"y":-21130,"frame":"30","anchor":[0.5,0.5],"scale":[0.75,0.75],"angle":0},{"x":-110,"y":-21055,"frame":"19","anchor":[0.5,0.5],"scale":[0.45,0.45],"angle":0},{"x":-40,"y":-21000,"frame":"13","anchor":[0.5,0.5],"scale":[0.775,0.775],"angle":0},{"x":185,"y":-21055,"frame":"31","anchor":[0.5,0.5],"scale":[1,1],"angle":0},{"x":270,"y":-20960,"frame":"31","anchor":[0.5,0.5],"scale":[1,1],"angle":0},{"x":460,"y":-20945,"frame":"26","anchor":[0.5,0.5],"scale":[0.45,0.45],"angle":0},{"x":-455,"y":-20500,"frame":"5","anchor":[0.5,0.5],"scale":[1,1],"angle":0},{"x":-100,"y":-20525,"frame":"26","anchor":[0.5,0.5],"scale":[0.7000000000000001,0.7000000000000001],"angle":0},{"x":-250,"y":-20450,"frame":"17","anchor":[0.5,0.5],"scale":[0.5750000000000001,0.5750000000000001],"angle":0},{"x":-575,"y":-21030,"frame":"23","anchor":[0.5,0.5],"scale":[0.775,0.775],"angle":0},{"x":-530,"y":-20945,"frame":"20","anchor":[0.5,0.5],"scale":[0.8,0.8],"angle":0},{"x":-440,"y":-20880,"frame":"20","anchor":[0.5,0.5],"scale":[1,1],"angle":0},{"x":-565,"y":-20815,"frame":"23","anchor":[0.5,0.5],"scale":[0.8250000000000001,0.8250000000000001],"angle":0},{"x":-250,"y":-20745,"frame":"34","anchor":[0.5,0.5],"scale":[0.625,0.625],"angle":0},{"x":195,"y":-19875,"frame":"6","anchor":[0.5,0.5],"scale":[0.8500000000000001,0.8500000000000001],"angle":0},{"x":400,"y":-20268,"frame":"27","anchor":[0.5,0.5],"scale":[1,1],"angle":0},{"x":458,"y":-20184,"frame":"27","anchor":[0.5,0.5],"scale":[1,1],"angle":0},{"x":540,"y":-20125,"frame":"27","anchor":[0.5,0.5],"scale":[1,1],"angle":0},{"x":513,"y":-20353,"frame":"19","anchor":[0.5,0.5],"scale":[0.6749999999999997,0.6749999999999997],"angle":0},{"x":-445,"y":-20080,"frame":"24","anchor":[0.5,0.5],"scale":[1,1],"angle":0},{"x":-485,"y":-19665,"frame":"11","anchor":[0.5,0.5],"scale":[0.7250000000000001,0.7250000000000001],"angle":0},{"x":-215,"y":-19395,"frame":"38","anchor":[0.5,0.5],"scale":[0.65,0.65],"angle":0},{"x":-40,"y":-19160,"frame":"32","anchor":[0.5,0.5],"scale":[1,1],"angle":0},{"x":-510,"y":-19190,"frame":"28","anchor":[0.5,0.5],"scale":[0.75,0.75],"angle":0},{"x":523,"y":-19500,"frame":"22","anchor":[0.5,0.5],"scale":[1,1],"angle":0},{"x":455,"y":-19005,"frame":"4","anchor":[0.5,0.5],"scale":[1,1],"angle":0},{"x":335,"y":-18925,"frame":"4","anchor":[0.5,0.5],"scale":[1,1],"angle":0},{"x":520,"y":-18895,"frame":"4","anchor":[0.5,0.5],"scale":[1,1],"angle":0},{"x":205,"y":-18855,"frame":"4","anchor":[0.5,0.5],"scale":[1,1],"angle":0},{"x":390,"y":-18805,"frame":"4","anchor":[0.5,0.5],"scale":[1,1],"angle":0},{"x":575,"y":-18770,"frame":"4","anchor":[0.5,0.5],"scale":[1,1],"angle":0},{"x":515,"y":-18990,"frame":"23","anchor":[0.5,0.5],"scale":[0.775,0.775],"angle":0},{"x":388,"y":-18868,"frame":"20","anchor":[0.5,0.5],"scale":[0.7000000000000001,0.7000000000000001],"angle":0},{"x":-15,"y":-18675,"frame":"9","anchor":[0.5,0.5],"scale":[1,0.9],"angle":0},{"x":120,"y":-18595,"frame":"26","anchor":[0.5,0.5],"scale":[1,1],"angle":0},{"x":490,"y":-18605,"frame":"10","anchor":[0.5,0.5],"scale":[0.625,0.625],"angle":0},{"x":-235,"y":-19045,"frame":"39","anchor":[0.5,0.5],"scale":[1,1],"angle":0},{"x":-580,"y":-18960,"frame":"16","anchor":[0.5,0.5],"scale":[0.7250000000000001,0.7250000000000001],"angle":0},{"x":-375,"y":-19055,"frame":"23","anchor":[0.5,0.5],"scale":[0.8500000000000001,0.8500000000000001],"angle":0},{"x":-40,"y":-18100,"frame":"2","anchor":[0.5,0.5],"scale":[0.625,0.625],"angle":0},{"x":-535,"y":-18405,"frame":"25","anchor":[0.5,0.5],"scale":[1,1],"angle":0},{"x":-465,"y":-18115,"frame":"18","anchor":[0.5,0.5],"scale":[0.525,0.45],"angle":0},{"x":115,"y":-17980,"frame":"23","anchor":[0.5,0.5],"scale":[0.6000000000000001,0.6000000000000001],"angle":0},{"x":-490,"y":-17915,"frame":"24","anchor":[0.5,0.5],"scale":[1,1],"angle":0},{"x":-245,"y":-17780,"frame":"32","anchor":[0.5,0.5],"scale":[0.8,0.8],"angle":0},{"x":470,"y":-18425,"frame":"24","anchor":[0.5,0.5],"scale":[0.75,0.75],"angle":0},{"x":550,"y":-18135,"frame":"22","anchor":[0.5,0.5],"scale":[0.7000000000000001,0.7000000000000001],"angle":0},{"x":355,"y":-17590,"frame":"38","anchor":[0.5,0.5],"scale":[0.5,0.5],"angle":0},{"x":95,"y":-17505,"frame":"11","anchor":[0.5,0.5],"scale":[0.47500000000000003,0.47500000000000003],"angle":0},{"x":225,"y":-17295,"frame":"26","anchor":[0.5,0.5],"scale":[1,1],"angle":0},{"x":-484,"y":-17284,"frame":"16","anchor":[0.5,0.5],"scale":[1,1],"angle":0},{"x":-175,"y":-16920,"frame":"4","anchor":[0.5,0.5],"scale":[1.35,1.35],"angle":0},{"x":-315,"y":-16740,"frame":"17","anchor":[0.5,0.5],"scale":[1,1],"angle":0},{"x":270,"y":-16405,"frame":"8","anchor":[0.5,0.5],"scale":[1,1],"angle":0},{"x":-110,"y":-16180,"frame":"29","anchor":[0.5,0.5],"scale":[1,1],"angle":0},{"x":-205,"y":-16115,"frame":"29","anchor":[0.5,0.5],"scale":[1,1],"angle":0},{"x":-82,"y":-16070,"frame":"34","anchor":[0.5,0.5],"scale":[0.5249999999999996,0.5249999999999996],"angle":0},{"x":10,"y":-15995,"frame":"34","anchor":[0.5,0.5],"scale":[0.4,0.4],"angle":0},{"x":450,"y":-16010,"frame":"35","anchor":[0.5,0.5],"scale":[1.2000000000000002,1.2000000000000002],"angle":0},{"x":570,"y":-15725,"frame":"5","anchor":[0.5,0.5],"scale":[1,1],"angle":0},{"x":-465,"y":-15700,"frame":"33","anchor":[0.5,0.5],"scale":[0.5,0.5],"angle":0},{"x":-305,"y":-15590,"frame":"33","anchor":[0.5,0.5],"scale":[0.45,0.45],"angle":0},{"x":-155,"y":-15490,"frame":"33","anchor":[0.5,0.5],"scale":[0.45,0.45],"angle":0},{"x":-470,"y":-15460,"frame":"17","anchor":[0.5,0.5],"scale":[0.75,0.75],"angle":0},{"x":64,"y":-15584,"frame":"36","anchor":[0.5,0.5],"scale":[0.5750000000000001,0.5750000000000001],"angle":0},{"x":50,"y":-14960,"frame":"21","anchor":[0.5,0.5],"scale":[0.625,0.625],"angle":0},{"x":179,"y":-14831,"frame":"27","anchor":[0.5,0.5],"scale":[1,1],"angle":0},{"x":344,"y":-14877,"frame":"30","anchor":[0.5,0.5],"scale":[1,1],"angle":0},{"x":311,"y":-14674,"frame":"13","anchor":[0.5,0.5],"scale":[1,1],"angle":0},{"x":-450,"y":-15125,"frame":"10","anchor":[0.5,0.5],"scale":[0.875,0.875],"angle":0},{"x":-505,"y":-14805,"frame":"36","anchor":[0.5,0.5],"scale":[0.625,0.625],"angle":0},{"x":-360,"y":-14555,"frame":"21","anchor":[0.5,0.5],"scale":[1,1],"angle":0},{"x":-275,"y":-14260,"frame":"17","anchor":[0.5,0.5],"scale":[1,1],"angle":0},{"x":26,"y":-14324,"frame":"20","anchor":[0.5,0.5],"scale":[1,1],"angle":0},{"x":-50,"y":-14435,"frame":"23","anchor":[0.5,0.5],"scale":[1,1],"angle":0},{"x":565,"y":-14304,"frame":"22","anchor":[0.5,0.5],"scale":[1,1],"angle":0},{"x":-450,"y":-13875,"frame":"32","anchor":[0.5,0.5],"scale":[0.875,0.875],"angle":0},{"x":320,"y":-13880,"frame":"26","anchor":[0.5,0.5],"scale":[1,1],"angle":0},{"x":-125,"y":-13630,"frame":"10","anchor":[0.5,0.5],"scale":[1,1],"angle":0},{"x":145,"y":-13530,"frame":"18","anchor":[0.5,0.5],"scale":[0.5,0.5],"angle":0},{"x":160,"y":-13595,"frame":"23","anchor":[0.5,0.5],"scale":[0.42500000000000004,0.42500000000000004],"angle":0},{"x":460,"y":-13560,"frame":"35","anchor":[0.5,0.5],"scale":[1,1],"angle":0},{"x":-225,"y":-13005,"frame":"38","anchor":[0.5,0.5],"scale":[0.775,0.775],"angle":0},{"x":120,"y":-13025,"frame":"4","anchor":[0.5,0.5],"scale":[0.675,0.675],"angle":0},{"x":-575,"y":-13275,"frame":"22","anchor":[0.5,0.5],"scale":[0.8250000000000001,0.8250000000000001],"angle":0},{"x":-624,"y":-12880,"frame":"22","anchor":[0.5,0.5],"scale":[0.8250000000000001,0.8250000000000001],"angle":0},{"x":540,"y":-13265,"frame":"22","anchor":[0.5,0.5],"scale":[0.65,0.65],"angle":0},{"x":390,"y":-12700,"frame":"3","anchor":[0.5,0.5],"scale":[0.775,0.775],"angle":0},{"x":165,"y":-12415,"frame":"21","anchor":[0.5,0.5],"scale":[0.7250000000000001,0.7250000000000001],"angle":0},{"x":465,"y":-12225,"frame":"28","anchor":[0.5,0.5],"scale":[0.7000000000000001,0.7000000000000001],"angle":0},{"x":-435,"y":-12510,"frame":"4","anchor":[0.5,0.5],"scale":[1.3,1.3],"angle":0},{"x":-495,"y":-12175,"frame":"16","anchor":[0.5,0.5],"scale":[1,1],"angle":0},{"x":-180,"y":-11780,"frame":"15","anchor":[0.5,0.5],"scale":[1,1],"angle":0},{"x":-285,"y":-12100,"frame":"20","anchor":[0.5,0.5],"scale":[0.775,0.775],"angle":0},{"x":270,"y":-12207,"frame":"19","anchor":[0.5,0.5],"scale":[0.5749999999999996,0.5749999999999996],"angle":0},{"x":230,"y":-11105,"frame":"19","anchor":[0.5,0.5],"scale":[1,1],"angle":0},{"x":455,"y":-11210,"frame":"28","anchor":[0.5,0.5],"scale":[1,1],"angle":0},{"x":525,"y":-11525,"frame":"29","anchor":[0.5,0.5],"scale":[1,1],"angle":0},{"x":275,"y":-11370,"frame":"29","anchor":[0.5,0.5],"scale":[1,1],"angle":0},{"x":195,"y":-11265,"frame":"29","anchor":[0.5,0.5],"scale":[1,1],"angle":0},{"x":-110,"y":-11145,"frame":"32","anchor":[0.5,0.5],"scale":[0.8250000000000001,0.8250000000000001],"angle":0},{"x":405,"y":-10955,"frame":"6","anchor":[0.5,0.5],"scale":[0.8,0.8],"angle":0},{"x":-485,"y":-10780,"frame":"38","anchor":[0.5,0.5],"scale":[0.45,0.45],"angle":0},{"x":-25,"y":-11005,"frame":"10","anchor":[0.5,0.5],"scale":[0.625,0.625],"angle":43},{"x":-360,"y":-10620,"frame":"18","anchor":[0.5,0.5],"scale":[0.525,0.525],"angle":0},{"x":570,"y":-10505,"frame":"22","anchor":[0.5,0.5],"scale":[1,1],"angle":0},{"x":370,"y":-9915,"frame":"12","anchor":[0.5,0.5],"scale":[0.5,0.5],"angle":0},{"x":-75,"y":-10480,"frame":"38","anchor":[0.5,0.5],"scale":[0.6000000000000001,0.6000000000000001],"angle":0},{"x":-465,"y":-10265,"frame":"22","anchor":[0.5,0.5],"scale":[1,1],"angle":0},{"x":-10,"y":-9855,"frame":"32","anchor":[0.5,0.5],"scale":[0.8500000000000001,0.8500000000000001],"angle":0},{"x":550,"y":-9495,"frame":"22","anchor":[0.5,0.5],"scale":[0.9,0.9],"angle":0},{"x":-355,"y":-9025,"frame":"2","anchor":[0.5,0.5],"scale":[0.47500000000000003,0.47500000000000003],"angle":0},{"x":-295,"y":-9085,"frame":"29","anchor":[0.5,0.5],"scale":[0.625,0.625],"angle":0},{"x":-510,"y":-8905,"frame":"31","anchor":[0.5,0.5],"scale":[1,1],"angle":0},{"x":-81,"y":-9255,"frame":"17","anchor":[0.5,0.5],"scale":[1,1],"angle":0},{"x":-474,"y":-9402,"frame":"24","anchor":[0.5,0.5],"scale":[1,1],"angle":0},{"x":-5,"y":-8660,"frame":"26","anchor":[0.5,0.5],"scale":[1,1],"angle":0},{"x":375,"y":-8505,"frame":"8","anchor":[0.5,0.5],"scale":[0.675,0.675],"angle":0},{"x":782,"y":-8925,"frame":"23","anchor":[0.5,0.5],"scale":[1,1],"angle":0},{"x":405,"y":-8935,"frame":"10","anchor":[0.5,0.5],"scale":[0.875,0.875],"angle":0},{"x":-355,"y":-7885,"frame":"21","anchor":[0.5,0.5],"scale":[1,1],"angle":0},{"x":-540,"y":-8515,"frame":"16","anchor":[0.5,0.5],"scale":[0.875,0.875],"angle":0},{"x":545,"y":-8045,"frame":"22","anchor":[0.5,0.5],"scale":[1,1],"angle":0},{"x":305,"y":-7720,"frame":"13","anchor":[0.5,0.5],"scale":[1,1],"angle":0},{"x":255,"y":-7630,"frame":"13","anchor":[0.5,0.5],"scale":[1.075,1.075],"angle":0},{"x":435,"y":-7570,"frame":"13","anchor":[0.5,0.5],"scale":[1.1500000000000001,1.1500000000000001],"angle":0},{"x":115,"y":-7575,"frame":"13","anchor":[0.5,0.5],"scale":[0.9,0.9],"angle":0},{"x":260,"y":-7520,"frame":"13","anchor":[0.5,0.5],"scale":[1.2000000000000002,1.2000000000000002],"angle":0},{"x":15,"y":-7530,"frame":"13","anchor":[0.5,0.5],"scale":[1,1],"angle":0},{"x":450,"y":-7480,"frame":"13","anchor":[0.5,0.5],"scale":[1,1],"angle":0},{"x":5,"y":-7345,"frame":"32","anchor":[0.5,0.5],"scale":[1,1],"angle":0},{"x":756,"y":-7339,"frame":null,"anchor":[0.5,0.5],"scale":[1,1],"angle":0},{"x":185,"y":-7255,"frame":"37","anchor":[0.5,0.5],"scale":[0.625,0.625],"angle":0},{"x":385,"y":-7420,"frame":"13","anchor":[0.5,0.5],"scale":[1,1],"angle":0},{"x":240,"y":-7450,"frame":"29","anchor":[0.5,0.5],"scale":[0.625,0.625],"angle":0},{"x":515,"y":-7235,"frame":"11","anchor":[0.5,0.5],"scale":[0.5750000000000001,0.5750000000000001],"angle":0},{"x":-590,"y":-7385,"frame":"9","anchor":[0.5,0.5],"scale":[1,1],"angle":0},{"x":-490,"y":-7165,"frame":"24","anchor":[0.5,0.5],"scale":[1,1],"angle":0},{"x":-385,"y":-6860,"frame":"21","anchor":[0.5,0.5],"scale":[1,1],"angle":0},{"x":-10,"y":-6825,"frame":"1","anchor":[0.5,0.5],"scale":[0.6000000000000001,0.6000000000000001],"angle":0},{"x":-255,"y":-7060,"frame":"34","anchor":[0.5,0.5],"scale":[0.4000000000000001,0.4000000000000001],"angle":0},{"x":-245,"y":-6715,"frame":"26","anchor":[0.5,0.5],"scale":[1,1],"angle":0},{"x":60,"y":-6630,"frame":"23","anchor":[0.5,0.5],"scale":[0.8250000000000001,0.8250000000000001],"angle":0},{"x":-445,"y":-6455,"frame":"35","anchor":[0.5,0.5],"scale":[1,1],"angle":0},{"x":570,"y":-6900,"frame":"22","anchor":[0.5,0.5],"scale":[0.8,0.8],"angle":0},{"x":350,"y":-7127,"frame":"23","anchor":[0.5,0.5],"scale":[0.9249999999999999,0.9249999999999999],"angle":0},{"x":20,"y":-6105,"frame":"37","anchor":[0.5,0.5],"scale":[0.875,0.875],"angle":0},{"x":380,"y":-6335,"frame":"32","anchor":[0.5,0.5],"scale":[0.875,0.875],"angle":0},{"x":475,"y":-6215,"frame":"34","anchor":[0.5,0.5],"scale":[1,1],"angle":0},{"x":485,"y":-6560,"frame":"20","anchor":[0.5,0.5],"scale":[1,1],"angle":0},{"x":305,"y":-6085,"frame":"13","anchor":[0.5,0.5],"scale":[1,1],"angle":0},{"x":380,"y":-5935,"frame":"17","anchor":[0.5,0.5],"scale":[0.8250000000000001,0.8250000000000001],"angle":0},{"x":-60,"y":-5495,"frame":"3","anchor":[0.5,0.5],"scale":[0.8,0.8],"angle":0},{"x":-580,"y":-5785,"frame":"17","anchor":[0.5,0.5],"scale":[0.75,0.75],"angle":0},{"x":-453,"y":-5535,"frame":"18","anchor":[0.5,0.5],"scale":[0.65,0.65],"angle":0},{"x":-355,"y":-5320,"frame":"36","anchor":[0.5,0.5],"scale":[0.75,0.75],"angle":0},{"x":540,"y":-5525,"frame":"16","anchor":[0.5,0.5],"scale":[0.8500000000000001,0.8500000000000001],"angle":0},{"x":420,"y":-5210,"frame":"16","anchor":[0.5,0.5],"scale":[0.6000000000000001,0.6000000000000001],"angle":0},{"x":265,"y":-5045,"frame":"11","anchor":[0.5,0.5],"scale":[0.65,0.65],"angle":0},{"x":455,"y":-4860,"frame":"8","anchor":[0.5,0.5],"scale":[1,1],"angle":0},{"x":120,"y":-4675,"frame":"30","anchor":[0.5,0.5],"scale":[0.875,0.875],"angle":0},{"x":-550,"y":-4990,"frame":"28","anchor":[0.5,0.5],"scale":[0.875,0.875],"angle":0},{"x":-360,"y":-4480,"frame":"6","anchor":[0.5,0.5],"scale":[1,1],"angle":0},{"x":-490,"y":-4185,"frame":"11","anchor":[0.5,0.5],"scale":[1,1],"angle":0},{"x":-255,"y":-4150,"frame":"32","anchor":[0.5,0.5],"scale":[0.7000000000000001,0.7000000000000001],"angle":0},{"x":485,"y":-3865,"frame":"16","anchor":[0.5,0.5],"scale":[1,1],"angle":0},{"x":45,"y":-4250,"frame":"19","anchor":[0.5,0.5],"scale":[0.8250000000000001,0.8250000000000001],"angle":0},{"x":-100,"y":-4100,"frame":"30","anchor":[0.5,0.5],"scale":[1,1],"angle":0},{"x":290,"y":-3630,"frame":"25","anchor":[0.5,0.5],"scale":[1,1],"angle":0},{"x":-72,"y":-3607,"frame":"37","anchor":[0.5,0.5],"scale":[0.5249999999999996,0.5249999999999996],"angle":0},{"x":-570,"y":-3595,"frame":"16","anchor":[0.5,0.5],"scale":[0.7250000000000001,0.7250000000000001],"angle":0},{"x":510,"y":-4395,"frame":"20","anchor":[0.5,0.5],"scale":[0.7000000000000001,0.7000000000000001],"angle":0},{"x":-435,"y":-3215,"frame":"9","anchor":[0.5,0.5],"scale":[0.875,0.875],"angle":0},{"x":-425,"y":-2975,"frame":"18","anchor":[0.5,0.5],"scale":[0.5,0.5],"angle":9},{"x":-230,"y":-2895,"frame":"27","anchor":[0.5,0.5],"scale":[1,1],"angle":0},{"x":-36,"y":-2941,"frame":"27","anchor":[0.5,0.5],"scale":[1,1],"angle":0},{"x":-380,"y":-2880,"frame":"27","anchor":[0.5,0.5],"scale":[1,1],"angle":0},{"x":-150,"y":-2875,"frame":"27","anchor":[0.5,0.5],"scale":[1,1],"angle":0},{"x":-510,"y":-2690,"frame":"22","anchor":[0.5,0.5],"scale":[0.8250000000000001,0.8250000000000001],"angle":0},{"x":-290,"y":-2810,"frame":"27","anchor":[0.5,0.5],"scale":[1,1],"angle":0},{"x":-200,"y":-2760,"frame":"27","anchor":[0.5,0.5],"scale":[1,1],"angle":0},{"x":-70,"y":-2815,"frame":"27","anchor":[0.5,0.5],"scale":[1,1],"angle":0},{"x":-5,"y":-3040,"frame":"34","anchor":[0.5,0.5],"scale":[0.45,0.45],"angle":0},{"x":65,"y":-2990,"frame":"34","anchor":[0.5,0.5],"scale":[0.5,0.5],"angle":0},{"x":70,"y":-2975,"frame":"31","anchor":[0.5,0.5],"scale":[0.8250000000000001,0.8250000000000001],"angle":0},{"x":465,"y":-2450,"frame":"36","anchor":[0.5,0.5],"scale":[1,1],"angle":0},{"x":-7,"y":-2525,"frame":"10","anchor":[0.5,0.5],"scale":[0.5249999999999996,0.5249999999999996],"angle":0},{"x":300,"y":-2175,"frame":"1","anchor":[0.5,0.5],"scale":[0.6000000000000001,0.6000000000000001],"angle":0},{"x":525,"y":-3175,"frame":"22","anchor":[0.5,0.5],"scale":[0.7250000000000001,0.7250000000000001],"angle":0},{"x":0,"y":-3415,"frame":"14","anchor":[0.5,0.5],"scale":[0.75,0.75],"angle":0},{"x":-355,"y":-1985,"frame":"21","anchor":[0.5,0.5],"scale":[1,1],"angle":0},{"x":-195,"y":-1680,"frame":"32","anchor":[0.5,0.5],"scale":[1,1],"angle":0},{"x":-120,"y":-1650,"frame":"20","anchor":[0.5,0.5],"scale":[0.8250000000000001,0.8250000000000001],"angle":0},{"x":-545,"y":-1370,"frame":"22","anchor":[0.5,0.5],"scale":[1,1],"angle":0},{"x":550,"y":-1495,"frame":"22","anchor":[0.5,0.5],"scale":[0.8,0.8],"angle":0},{"x":61,"y":-953,"frame":"19","anchor":[0.5,0.5],"scale":[0.5499999999999996,0.5499999999999996],"angle":0},{"x":485,"y":-835,"frame":"30","anchor":[0.5,0.5],"scale":[0.775,0.775],"angle":0},{"x":-155,"y":-1110,"frame":"4","anchor":[0.5,0.5],"scale":[1,1],"angle":0},{"x":-551,"y":-993,"frame":"16","anchor":[0.5,0.5],"scale":[0.55,0.55],"angle":0},{"x":590,"y":-595,"frame":"5","anchor":[0.5,0.5],"scale":[1,1],"angle":0},{"x":460,"y":-280,"frame":"13","anchor":[0.5,0.5],"scale":[1,1],"angle":0},{"x":380,"y":-55,"frame":"19","anchor":[0.5,0.5],"scale":[0.625,0.625],"angle":0},{"x":190,"y":-92,"frame":"31","anchor":[0.5,0.5],"scale":[0.5999999999999996,0.5999999999999996],"angle":0},{"x":-2,"y":-31339,"frame":"Map_background","anchor":[0.5,0.5],"scale":[1,1],"angle":0},{"x":0,"y":0,"frame":null,"anchor":[0.5,0.5],"scale":[1,1],"angle":0},{"x":55,"y":-29980,"frame":"15","anchor":[0.5,0.5],"scale":[0.7000000000000001,0.65],"angle":-1},{"x":-505,"y":-30145,"frame":"8","anchor":[0.5,0.5],"scale":[0.525,0.525],"angle":0},{"x":135,"y":-30180,"frame":"23","anchor":[0.5,0.5],"scale":[0.75,0.75],"angle":0},{"x":-3,"y":-33846,"frame":"Map_background","anchor":[0.5,0.5],"scale":[1,1],"angle":0},{"x":-4,"y":-36352,"frame":"Map_background","anchor":[0.5,0.5],"scale":[1,1],"angle":0},{"x":-5,"y":-38860,"frame":"Map_background","anchor":[0.5,0.5],"scale":[1,1],"angle":0},{"x":-265,"y":-30345,"frame":"29","anchor":[0.5,0.5],"scale":[1,1],"angle":0},{"x":-525,"y":-30430,"frame":"28","anchor":[0.5,0.5],"scale":[0.8500000000000001,0.775],"angle":0},{"x":-405,"y":-30450,"frame":"39","anchor":[0.5,0.5],"scale":[0.8250000000000001,0.8500000000000001],"angle":0},{"x":-180,"y":-30615,"frame":"10","anchor":[0.5,0.5],"scale":[0.5750000000000001,0.5750000000000001],"angle":0},{"x":75,"y":-30535,"frame":"10","anchor":[0.5,0.5],"scale":[0.5750000000000001,0.55],"angle":0},{"x":-425,"y":-30770,"frame":"16","anchor":[0.5,0.5],"scale":[0.55,0.4],"angle":0},{"x":-55,"y":-31135,"frame":"12","anchor":[0.5,0.5],"scale":[0.325,0.325],"angle":0},{"x":70,"y":-30980,"frame":"9","anchor":[0.5,0.5],"scale":[0.47500000000000003,0.5],"angle":0},{"x":325,"y":-31355,"frame":"15","anchor":[0.5,0.5],"scale":[0.6000000000000001,0.625],"angle":0},{"x":420,"y":-31045,"frame":"22","anchor":[0.5,0.5],"scale":[0.6000000000000001,0.5750000000000001],"angle":0},{"x":-450,"y":-32340,"frame":"17","anchor":[0.5,0.5],"scale":[0.525,0.5750000000000001],"angle":0},{"x":-510,"y":-32080,"frame":"22","anchor":[0.5,0.5],"scale":[0.7250000000000001,0.65],"angle":0},{"x":-470,"y":-31810,"frame":"26","anchor":[0.5,0.5],"scale":[0.65,0.65],"angle":0},{"x":-430,"y":-31560,"frame":"21","anchor":[0.5,0.5],"scale":[0.7000000000000001,0.75],"angle":0},{"x":-300,"y":-32080,"frame":"13","anchor":[0.5,0.5],"scale":[0.7250000000000001,0.8],"angle":0},{"x":-170,"y":-31605,"frame":"27","anchor":[0.5,0.5],"scale":[1,1],"angle":0},{"x":-290,"y":-31965,"frame":"20","anchor":[0.5,0.5],"scale":[0.65,0.6000000000000001],"angle":0},{"x":20,"y":-31860,"frame":"32","anchor":[0.5,0.5],"scale":[0.525,0.55],"angle":0},{"x":430,"y":-32435,"frame":"34","anchor":[0.5,0.5],"scale":[1,1],"angle":0},{"x":370,"y":-32255,"frame":"37","anchor":[0.5,0.5],"scale":[0.4,0.42500000000000004],"angle":0},{"x":545,"y":-32310,"frame":"31","anchor":[0.5,0.5],"scale":[1,1],"angle":0},{"x":-10,"y":-32520,"frame":"18","anchor":[0.5,0.5],"scale":[0.5,0.5],"angle":0},{"x":220,"y":-32485,"frame":"23","anchor":[0.5,0.5],"scale":[0.55,0.4],"angle":0},{"x":120,"y":-32395,"frame":"20","anchor":[0.5,0.5],"scale":[0.6000000000000001,0.5750000000000001],"angle":0},{"x":-30,"y":-32345,"frame":"10","anchor":[0.5,0.5],"scale":[0.5,0.5],"angle":0},{"x":545,"y":-32880,"frame":"22","anchor":[0.5,0.5],"scale":[0.8250000000000001,0.7000000000000001],"angle":0},{"x":-435,"y":-32635,"frame":"11","anchor":[0.5,0.5],"scale":[0.525,0.525],"angle":0},{"x":-475,"y":-32960,"frame":"38","anchor":[0.5,0.5],"scale":[0.45,0.47500000000000003],"angle":0},{"x":-225,"y":-33220,"frame":"29","anchor":[0.5,0.5],"scale":[1,1],"angle":0},{"x":-80,"y":-33160,"frame":"29","anchor":[0.5,0.5],"scale":[1,1],"angle":0},{"x":-175,"y":-32965,"frame":"29","anchor":[0.5,0.5],"scale":[1,1],"angle":0},{"x":14,"y":-33000,"frame":"29","anchor":[0.5,0.5],"scale":[1,1],"angle":0},{"x":125,"y":-33105,"frame":"29","anchor":[0.5,0.5],"scale":[1,1],"angle":0},{"x":-125,"y":-33085,"frame":"30","anchor":[0.5,0.5],"scale":[0.7000000000000001,0.75],"angle":0},{"x":-518,"y":-33302,"frame":"38","anchor":[0.5,0.5],"scale":[0.45,0.47500000000000003],"angle":0},{"x":-15,"y":-33675,"frame":"2","anchor":[0.5,0.5],"scale":[0.45,0.5],"angle":0},{"x":75,"y":-33690,"frame":"23","anchor":[0.5,0.5],"scale":[0.35000000000000003,0.4],"angle":0},{"x":25,"y":-33750,"frame":"20","anchor":[0.5,0.5],"scale":[0.525,0.5750000000000001],"angle":0},{"x":275,"y":-33565,"frame":"10","anchor":[0.5,0.5],"scale":[0.55,0.525],"angle":0},{"x":135,"y":-33505,"frame":"3","anchor":[0.5,0.5],"scale":[0.5,0.5],"angle":0},{"x":120,"y":-33775,"frame":"20","anchor":[0.5,0.5],"scale":[0.5,0.6000000000000001],"angle":0},{"x":-115,"y":-33765,"frame":"20","anchor":[0.5,0.5],"scale":[0.5750000000000001,0.675],"angle":0},{"x":45,"y":-33835,"frame":"23","anchor":[0.5,0.5],"scale":[0.525,0.45],"angle":0},{"x":410,"y":-33585,"frame":"10","anchor":[0.5,0.5],"scale":[0.47500000000000003,0.5],"angle":0},{"x":385,"y":-33905,"frame":"24","anchor":[0.5,0.5],"scale":[0.875,0.8250000000000001],"angle":0},{"x":-520,"y":-34130,"frame":"22","anchor":[0.5,0.5],"scale":[1,1],"angle":0},{"x":-225,"y":-34295,"frame":"22","anchor":[0.5,0.5],"scale":[1,1],"angle":0},{"x":-555,"y":-35010,"frame":"31","anchor":[0.5,0.5],"scale":[1,1],"angle":0},{"x":-455,"y":-34715,"frame":"22","anchor":[0.5,0.5],"scale":[0.7250000000000001,0.7000000000000001],"angle":0},{"x":-60,"y":-34240,"frame":"31","anchor":[0.5,0.5],"scale":[1,1],"angle":0},{"x":-30,"y":-34580,"frame":"31","anchor":[0.5,0.5],"scale":[1,1],"angle":0},{"x":65,"y":-34495,"frame":"31","anchor":[0.5,0.5],"scale":[1,1],"angle":0},{"x":85,"y":-34330,"frame":"31","anchor":[0.5,0.5],"scale":[1,1],"angle":0},{"x":240,"y":-35150,"frame":"30","anchor":[0.5,0.5],"scale":[0.625,0.625],"angle":0},{"x":280,"y":-34960,"frame":"14","anchor":[0.5,0.5],"scale":[1,1],"angle":0},{"x":-30,"y":-34955,"frame":"30","anchor":[0.5,0.5],"scale":[1,1],"angle":0},{"x":390,"y":-35085,"frame":"20","anchor":[0.5,0.5],"scale":[0.65,0.675],"angle":0},{"x":260,"y":-34920,"frame":"23","anchor":[0.5,0.5],"scale":[0.8,0.7000000000000001],"angle":0},{"x":480,"y":-34825,"frame":"25","anchor":[0.5,0.5],"scale":[1,1],"angle":0},{"x":265,"y":-34765,"frame":"31","anchor":[0.5,0.5],"scale":[1,1],"angle":0},{"x":130,"y":-34865,"frame":"31","anchor":[0.5,0.5],"scale":[1,1],"angle":0},{"x":-50,"y":-34890,"frame":"31","anchor":[0.5,0.5],"scale":[1,1],"angle":0},{"x":535,"y":-35165,"frame":"31","anchor":[0.5,0.5],"scale":[1,1],"angle":0},{"x":110,"y":-35115,"frame":"39","anchor":[0.5,0.5],"scale":[1,1],"angle":0},{"x":-350,"y":-35455,"frame":"21","anchor":[0.5,0.5],"scale":[1,1],"angle":0},{"x":-20,"y":-35465,"frame":"34","anchor":[0.5,0.5],"scale":[0.47500000000000003,0.4],"angle":0},{"x":430,"y":-36355,"frame":"26","anchor":[0.5,0.5],"scale":[0.625,0.675],"angle":0},{"x":-205,"y":-35635,"frame":"27","anchor":[0.5,0.5],"scale":[1,1],"angle":0},{"x":-95,"y":-35575,"frame":"27","anchor":[0.5,0.5],"scale":[1,1],"angle":0},{"x":290,"y":-36170,"frame":"1","anchor":[0.5,0.5],"scale":[1,1],"angle":0},{"x":-535,"y":-35690,"frame":"28","anchor":[0.5,0.5],"scale":[0.675,0.55],"angle":0},{"x":370,"y":-36450,"frame":"23","anchor":[0.5,0.5],"scale":[0.65,0.625],"angle":0},{"x":-235,"y":-36795,"frame":"37","anchor":[0.5,0.5],"scale":[1,1],"angle":0},{"x":-495,"y":-37105,"frame":"10","anchor":[0.5,0.5],"scale":[0.5750000000000001,0.5750000000000001],"angle":0},{"x":-355,"y":-37115,"frame":"10","anchor":[0.5,0.5],"scale":[0.55,0.55],"angle":0},{"x":495,"y":-37565,"frame":"36","anchor":[0.5,0.5],"scale":[1,1],"angle":0},{"x":600,"y":-37030,"frame":"22","anchor":[0.5,0.5],"scale":[1,1],"angle":0},{"x":60,"y":-37560,"frame":"26","anchor":[0.5,0.5],"scale":[0.75,0.775],"angle":0},{"x":45,"y":-37345,"frame":"9","anchor":[0.5,0.5],"scale":[0.8,0.75],"angle":0},{"x":15,"y":-37405,"frame":"23","anchor":[0.5,0.5],"scale":[0.5750000000000001,0.5750000000000001],"angle":0},{"x":210,"y":-37350,"frame":"20","anchor":[0.5,0.5],"scale":[0.47500000000000003,0.47500000000000003],"angle":0},{"x":-480,"y":-37590,"frame":"22","anchor":[0.5,0.5],"scale":[1,1],"angle":0},{"x":-455,"y":-38295,"frame":"17","anchor":[0.5,0.5],"scale":[0.7250000000000001,0.675],"angle":0},{"x":-550,"y":-38110,"frame":"34","anchor":[0.5,0.5],"scale":[0.8,0.65],"angle":0},{"x":-365,"y":-38045,"frame":"28","anchor":[0.5,0.5],"scale":[0.625,0.5750000000000001],"angle":0},{"x":-450,"y":-38060,"frame":"29","anchor":[0.5,0.5],"scale":[1,1],"angle":0},{"x":345,"y":-38550,"frame":"1","anchor":[0.5,0.5],"scale":[0.8500000000000001,0.775],"angle":0},{"x":-235,"y":-38080,"frame":"13","anchor":[0.5,0.5],"scale":[1,1],"angle":0},{"x":515,"y":-39035,"frame":"17","anchor":[0.5,0.5],"scale":[0.625,0.625],"angle":0},{"x":60,"y":-38740,"frame":"32","anchor":[0.5,0.5],"scale":[0.675,0.65],"angle":0},{"x":460,"y":-38880,"frame":"17","anchor":[0.5,0.5],"scale":[0.775,0.7000000000000001],"angle":0},{"x":635,"y":-38640,"frame":"16","anchor":[0.5,0.5],"scale":[0.625,0.625],"angle":0},{"x":10,"y":-38680,"frame":"31","anchor":[0.5,0.5],"scale":[1,1],"angle":0},{"x":170,"y":-39800,"frame":"28","anchor":[0.5,0.5],"scale":[0.5,0.5],"angle":0},{"x":-360,"y":-39430,"frame":"15","anchor":[0.5,0.5],"scale":[1,1],"angle":0},{"x":-265,"y":-39650,"frame":"20","anchor":[0.5,0.5],"scale":[0.625,0.5750000000000001],"angle":0},{"x":-75,"y":-39550,"frame":"23","anchor":[0.5,0.5],"scale":[0.65,0.675],"angle":0},{"x":15,"y":-39425,"frame":"20","anchor":[0.5,0.5],"scale":[0.65,0.6000000000000001],"angle":0},{"x":85,"y":-39300,"frame":"30","anchor":[0.5,0.5],"scale":[1,1],"angle":0},{"x":-290,"y":-39055,"frame":"18","anchor":[0.5,0.5],"scale":[0.5750000000000001,0.5],"angle":0},{"x":575,"y":-39440,"frame":"23","anchor":[0.5,0.5],"scale":[0.7250000000000001,0.7250000000000001],"angle":0},{"x":0,"y":-45090,"frame":null,"anchor":[0.5,0.5],"scale":[1,1],"angle":0},{"x":0,"y":0,"frame":null,"anchor":[0.5,0.5],"scale":[1,1],"angle":0},{"x":0,"y":0,"frame":null,"anchor":[0.5,0.5],"scale":[1,1],"angle":0},{"x":-5,"y":-41369,"frame":"Map_background","anchor":[0.5,0.5],"scale":[1,1],"angle":0},{"x":-5,"y":-43877,"frame":"Map_background","anchor":[0.5,0.5],"scale":[1,1],"angle":0},{"x":-6,"y":-46382,"frame":"Map_background","anchor":[0.5,0.5],"scale":[1,1],"angle":0},{"x":-6,"y":-48888,"frame":"Map_background","anchor":[0.5,0.5],"scale":[1,1],"angle":0},{"x":-6,"y":-51393,"frame":"Map_background","anchor":[0.5,0.5],"scale":[1,1],"angle":0},{"x":-8,"y":-53896,"frame":"Map_background","anchor":[0.5,0.5],"scale":[1,1],"angle":0},{"x":-7,"y":-56401,"frame":"Map_background","anchor":[0.5,0.5],"scale":[1,1],"angle":0},{"x":-490,"y":-40020,"frame":"22","anchor":[0.5,0.5],"scale":[1,1],"angle":0},{"x":-10,"y":-40010,"frame":"7","anchor":[0.5,0.5],"scale":[0.875,0.8500000000000001],"angle":0},{"x":485,"y":-39935,"frame":"6","anchor":[0.5,0.5],"scale":[1,1],"angle":0},{"x":-75,"y":-40560,"frame":"33","anchor":[0.5,0.5],"scale":[0.625,0.675],"angle":0},{"x":-325,"y":-40560,"frame":"16","anchor":[0.5,0.5],"scale":[0.7000000000000001,0.6000000000000001],"angle":0},{"x":-470,"y":-57430,"frame":"22","anchor":[0.5,0.5],"scale":[1,1],"angle":0},{"x":10,"y":-57550,"frame":"18","anchor":[0.5,0.5],"scale":[0.47500000000000003,0.42500000000000004],"angle":0},{"x":460,"y":-57440,"frame":"11","anchor":[0.5,0.5],"scale":[0.775,0.7000000000000001],"angle":0},{"x":40,"y":-57455,"frame":"13","anchor":[0.5,0.5],"scale":[1,1],"angle":0},{"x":110,"y":-57370,"frame":"13","anchor":[0.5,0.5],"scale":[1,1],"angle":0},{"x":280,"y":-57390,"frame":"13","anchor":[0.5,0.5],"scale":[1,1],"angle":0},{"x":-340,"y":-57065,"frame":"21","anchor":[0.5,0.5],"scale":[1,1],"angle":0},{"x":-210,"y":-56785,"frame":"37","anchor":[0.5,0.5],"scale":[0.625,0.65],"angle":0},{"x":-5,"y":-56950,"frame":"29","anchor":[0.5,0.5],"scale":[1,1],"angle":0},{"x":140,"y":-56930,"frame":"39","anchor":[0.5,0.5],"scale":[1,1],"angle":0},{"x":570,"y":-56815,"frame":"25","anchor":[0.5,0.5],"scale":[1,1],"angle":0},{"x":275,"y":-56465,"frame":"10","anchor":[0.5,0.5],"scale":[1,1],"angle":0},{"x":550,"y":-56360,"frame":"16","anchor":[0.5,0.5],"scale":[1,1],"angle":0},{"x":-5,"y":-56345,"frame":"9","anchor":[0.5,0.5],"scale":[0.8,0.75],"angle":0},{"x":330,"y":-56160,"frame":"35","anchor":[0.5,0.5],"scale":[1,1],"angle":0},{"x":5,"y":-56190,"frame":"20","anchor":[0.5,0.5],"scale":[0.7250000000000001,0.75],"angle":0},{"x":-55,"y":-55640,"frame":"2","anchor":[0.5,0.5],"scale":[0.47500000000000003,0.45],"angle":0},{"x":-490,"y":-55940,"frame":"19","anchor":[0.5,0.5],"scale":[0.625,0.8],"angle":0},{"x":-465,"y":-55840,"frame":"27","anchor":[0.5,0.5],"scale":[1,1],"angle":0},{"x":-315,"y":-55795,"frame":"27","anchor":[0.5,0.5],"scale":[1,1],"angle":0},{"x":-410,"y":-55725,"frame":"19","anchor":[0.5,0.5],"scale":[0.7250000000000001,0.875],"angle":0},{"x":-455,"y":-55585,"frame":"4","anchor":[0.5,0.5],"scale":[1,1],"angle":0},{"x":-435,"y":-55415,"frame":"17","anchor":[0.5,0.5],"scale":[0.65,0.675],"angle":0},{"x":580,"y":-55745,"frame":"5","anchor":[0.5,0.5],"scale":[1,1],"angle":0},{"x":450,"y":-55175,"frame":"21","anchor":[0.5,0.5],"scale":[1,1],"angle":0},{"x":95,"y":-55065,"frame":"35","anchor":[0.5,0.5],"scale":[1,1],"angle":0},{"x":250,"y":-55275,"frame":"23","anchor":[0.5,0.5],"scale":[0.7000000000000001,0.775],"angle":0},{"x":-425,"y":-54965,"frame":"16","anchor":[0.5,0.5],"scale":[0.75,0.7000000000000001],"angle":0},{"x":-440,"y":-54585,"frame":"26","anchor":[0.5,0.5],"scale":[1,1],"angle":0},{"x":-85,"y":-54495,"frame":"10","anchor":[0.5,0.5],"scale":[0.65,0.675],"angle":0},{"x":-490,"y":-54235,"frame":"36","anchor":[0.5,0.5],"scale":[1,1],"angle":0},{"x":-190,"y":-54370,"frame":"20","anchor":[0.5,0.5],"scale":[1,1],"angle":0},{"x":460,"y":-54935,"frame":"4","anchor":[0.5,0.5],"scale":[1,1],"angle":0},{"x":510,"y":-54705,"frame":"16","anchor":[0.5,0.5],"scale":[0.65,0.675],"angle":0},{"x":115,"y":-54435,"frame":"23","anchor":[0.5,0.5],"scale":[1,1],"angle":0},{"x":305,"y":-54025,"frame":"8","anchor":[0.5,0.5],"scale":[1,1],"angle":0},{"x":375,"y":-53595,"frame":"26","anchor":[0.5,0.5],"scale":[1,1],"angle":0},{"x":-95,"y":-53720,"frame":"10","anchor":[0.5,0.5],"scale":[0.8250000000000001,0.7250000000000001],"angle":0},{"x":-355,"y":-53135,"frame":"15","anchor":[0.5,0.5],"scale":[1,1],"angle":0},{"x":-585,"y":-53605,"frame":"16","anchor":[0.5,0.5],"scale":[0.675,0.65],"angle":0},{"x":5,"y":-53205,"frame":"23","anchor":[0.5,0.5],"scale":[1,1],"angle":0},{"x":335,"y":-52480,"frame":"1","anchor":[0.5,0.5],"scale":[1,1],"angle":0},{"x":500,"y":-52775,"frame":"14","anchor":[0.5,0.5],"scale":[1,1],"angle":0},{"x":555,"y":-53205,"frame":"7","anchor":[0.5,0.5],"scale":[1,1],"angle":0},{"x":-475,"y":-52595,"frame":"22","anchor":[0.5,0.5],"scale":[1,1],"angle":0},{"x":-500,"y":-52205,"frame":"26","anchor":[0.5,0.5],"scale":[1,1],"angle":0},{"x":35,"y":-51895,"frame":"37","anchor":[0.5,0.5],"scale":[0.55,0.6000000000000001],"angle":0},{"x":-485,"y":-51865,"frame":"11","anchor":[0.5,0.5],"scale":[0.775,0.65],"angle":0},{"x":-280,"y":-51820,"frame":"14","anchor":[0.5,0.5],"scale":[0.6000000000000001,0.8],"angle":0},{"x":-470,"y":-51555,"frame":"19","anchor":[0.5,0.5],"scale":[0.6000000000000001,0.65],"angle":0},{"x":585,"y":-51955,"frame":"22","anchor":[0.5,0.5],"scale":[1,1],"angle":0},{"x":385,"y":-51515,"frame":"4","anchor":[0.5,0.5],"scale":[1.5,1.75],"angle":0},{"x":0,"y":-51240,"frame":"37","anchor":[0.5,0.5],"scale":[0.775,0.8500000000000001],"angle":0},{"x":444,"y":-51232,"frame":"36","anchor":[0.5,0.5],"scale":[1,1],"angle":0},{"x":-545,"y":-50885,"frame":"10","anchor":[0.5,0.5],"scale":[1,1],"angle":0},{"x":-435,"y":-50610,"frame":"10","anchor":[0.5,0.5],"scale":[1,1],"angle":0},{"x":-160,"y":-50595,"frame":"10","anchor":[0.5,0.5],"scale":[1,1],"angle":0},{"x":-325,"y":-50884,"frame":"20","anchor":[0.5,0.5],"scale":[1,1],"angle":0},{"x":130,"y":-50625,"frame":"23","anchor":[0.5,0.5],"scale":[1,1],"angle":0},{"x":120,"y":-50030,"frame":"12","anchor":[0.5,0.5],"scale":[0.525,0.525],"angle":0},{"x":355,"y":-49905,"frame":"35","anchor":[0.5,0.5],"scale":[1,1],"angle":0},{"x":635,"y":-50360,"frame":"6","anchor":[0.5,0.5],"scale":[1,1],"angle":0},{"x":-475,"y":-50315,"frame":"7","anchor":[0.5,0.5],"scale":[1,1],"angle":0},{"x":-490,"y":-49740,"frame":"6","anchor":[0.5,0.5],"scale":[1,1],"angle":0},{"x":-5,"y":-49335,"frame":"35","anchor":[0.5,0.5],"scale":[1.225,1.1500000000000001],"angle":0},{"x":-520,"y":-49260,"frame":"28","anchor":[0.5,0.5],"scale":[0.875,0.7000000000000001],"angle":0},{"x":-355,"y":-49260,"frame":"32","anchor":[0.5,0.5],"scale":[0.5750000000000001,0.65],"angle":0},{"x":575,"y":-49650,"frame":"16","anchor":[0.5,0.5],"scale":[1,1],"angle":0},{"x":520,"y":-48730,"frame":"36","anchor":[0.5,0.5],"scale":[1,1],"angle":0},{"x":450,"y":-49085,"frame":"20","anchor":[0.5,0.5],"scale":[1,1],"angle":0},{"x":140,"y":-48725,"frame":"25","anchor":[0.5,0.5],"scale":[1,1],"angle":0},{"x":-130,"y":-48735,"frame":"34","anchor":[0.5,0.5],"scale":[0.775,0.8250000000000001],"angle":0},{"x":-325,"y":-48180,"frame":"1","anchor":[0.5,0.5],"scale":[0.8500000000000001,0.8500000000000001],"angle":0},{"x":-145,"y":-48230,"frame":"20","anchor":[0.5,0.5],"scale":[0.7000000000000001,0.75],"angle":0},{"x":405,"y":-47450,"frame":"6","anchor":[0.5,0.5],"scale":[1,1],"angle":0},{"x":510,"y":-47785,"frame":"28","anchor":[0.5,0.5],"scale":[0.775,0.75],"angle":0},{"x":533,"y":-47986,"frame":"23","anchor":[0.5,0.5],"scale":[0.6000000000000001,0.5750000000000001],"angle":0},{"x":30,"y":-47565,"frame":"11","anchor":[0.5,0.5],"scale":[0.6000000000000001,0.5750000000000001],"angle":0},{"x":-520,"y":-49030,"frame":"31","anchor":[0.5,0.5],"scale":[1,1],"angle":0},{"x":25,"y":-48110,"frame":"31","anchor":[0.5,0.5],"scale":[1,1],"angle":0},{"x":-405,"y":-47910,"frame":"31","anchor":[0.5,0.5],"scale":[1,1],"angle":0},{"x":-520,"y":-47600,"frame":"22","anchor":[0.5,0.5],"scale":[1,1],"angle":0},{"x":-175,"y":-46845,"frame":"38","anchor":[0.5,0.5],"scale":[1,1],"angle":0},{"x":-545,"y":-47070,"frame":"31","anchor":[0.5,0.5],"scale":[1.4000000000000001,1.425],"angle":0},{"x":45,"y":-46250,"frame":"18","anchor":[0.5,0.5],"scale":[0.675,0.625],"angle":0},{"x":485,"y":-46485,"frame":"24","anchor":[0.5,0.5],"scale":[1,1],"angle":0},{"x":530,"y":-46980,"frame":"20","anchor":[0.5,0.5],"scale":[0.8,0.8],"angle":0},{"x":500,"y":-46095,"frame":"6","anchor":[0.5,0.5],"scale":[1,1],"angle":0},{"x":-5,"y":-46115,"frame":"10","anchor":[0.5,0.5],"scale":[0.45,0.4],"angle":0},{"x":150,"y":-46155,"frame":"23","anchor":[0.5,0.5],"scale":[0.75,0.7000000000000001],"angle":0},{"x":-335,"y":-45595,"frame":"15","anchor":[0.5,0.5],"scale":[1,1],"angle":0},{"x":65,"y":-45620,"frame":"29","anchor":[0.5,0.5],"scale":[1.125,1.125],"angle":0},{"x":-560,"y":-45945,"frame":"34","anchor":[0.5,0.5],"scale":[1,1],"angle":0},{"x":555,"y":-45620,"frame":"7","anchor":[0.5,0.5],"scale":[1,1],"angle":0},{"x":470,"y":-45160,"frame":"17","anchor":[0.5,0.5],"scale":[1,1],"angle":0},{"x":285,"y":-44985,"frame":"5","anchor":[0.5,0.5],"scale":[1,1],"angle":0},{"x":75,"y":-45185,"frame":"19","anchor":[0.5,0.5],"scale":[0.5750000000000001,0.6000000000000001],"angle":0},{"x":0,"y":-45060,"frame":"19","anchor":[0.5,0.5],"scale":[0.675,0.7250000000000001],"angle":0},{"x":460,"y":-44825,"frame":"27","anchor":[0.5,0.5],"scale":[0.8250000000000001,0.9500000000000001],"angle":0},{"x":10,"y":-44880,"frame":"13","anchor":[0.5,0.5],"scale":[1,1],"angle":0},{"x":470,"y":-44700,"frame":"19","anchor":[0.5,0.5],"scale":[1,1],"angle":0},{"x":-410,"y":-44700,"frame":"3","anchor":[0.5,0.5],"scale":[1,1],"angle":0},{"x":-405,"y":-45050,"frame":"28","anchor":[0.5,0.5],"scale":[0.8500000000000001,0.7250000000000001],"angle":0},{"x":-310,"y":-44325,"frame":"21","anchor":[0.5,0.5],"scale":[1,1],"angle":0},{"x":590,"y":-44310,"frame":"16","anchor":[0.5,0.5],"scale":[1,1],"angle":0},{"x":-120,"y":-44230,"frame":"31","anchor":[0.5,0.5],"scale":[1,1],"angle":0},{"x":60,"y":-44325,"frame":"31","anchor":[0.5,0.5],"scale":[1,1],"angle":0},{"x":-75,"y":-44490,"frame":"19","anchor":[0.5,0.5],"scale":[0.6000000000000001,0.625],"angle":0},{"x":485,"y":-43755,"frame":"6","anchor":[0.5,0.5],"scale":[1,1],"angle":0},{"x":55,"y":-43655,"frame":"17","anchor":[0.5,0.5],"scale":[0.8,0.8],"angle":0},{"x":110,"y":-43875,"frame":"23","anchor":[0.5,0.5],"scale":[0.7250000000000001,0.675],"angle":0},{"x":-315,"y":-43000,"frame":"2","anchor":[0.5,0.5],"scale":[0.525,0.55],"angle":0},{"x":-515,"y":-43355,"frame":"11","anchor":[0.5,0.5],"scale":[0.625,0.5750000000000001],"angle":0},{"x":-200,"y":-43175,"frame":"24","anchor":[0.5,0.5],"scale":[0.625,0.65],"angle":0},{"x":585,"y":-43190,"frame":"22","anchor":[0.5,0.5],"scale":[1,1],"angle":0},{"x":-485,"y":-42555,"frame":"22","anchor":[0.5,0.5],"scale":[1,1],"angle":0},{"x":60,"y":-42585,"frame":"32","anchor":[0.5,0.5],"scale":[1,1],"angle":0},{"x":155,"y":-42345,"frame":"37","anchor":[0.5,0.5],"scale":[0.6000000000000001,0.625],"angle":0},{"x":310,"y":-42760,"frame":"30","anchor":[0.5,0.5],"scale":[0.8,0.8500000000000001],"angle":0},{"x":300,"y":-42525,"frame":"27","anchor":[0.5,0.5],"scale":[1,1],"angle":0},{"x":565,"y":-42540,"frame":"22","anchor":[0.5,0.5],"scale":[1,1],"angle":0},{"x":-295,"y":-41930,"frame":"1","anchor":[0.5,0.5],"scale":[1,1],"angle":0},{"x":-116,"y":-42000,"frame":"20","anchor":[0.5,0.5],"scale":[1,1],"angle":0},{"x":365,"y":-41185,"frame":"36","anchor":[0.5,0.5],"scale":[1,1],"angle":0},{"x":570,"y":-41710,"frame":"35","anchor":[0.5,0.5],"scale":[1,1],"angle":0},{"x":-32,"y":-41255,"frame":"4","anchor":[0.5,0.5],"scale":[1,1],"angle":0},{"x":590,"y":-41490,"frame":"14","anchor":[0.5,0.5],"scale":[1,1],"angle":0},{"x":-40,"y":-41100,"frame":"14","anchor":[0.5,0.5],"scale":[0.6000000000000001,0.675],"angle":0},{"x":-560,"y":-40710,"frame":"5","anchor":[0.5,0.5],"scale":[1,1],"angle":0},{"x":0,"y":-45090,"frame":null,"anchor":[0.5,0.5],"scale":[1,1],"angle":0},{"x":0,"y":-45090,"frame":null,"anchor":[0.5,0.5],"scale":[1,1],"angle":0}, {
    "x": 0,
    "y": -45090,
    "frame": null,
    "anchor": [0.5, 0.5],
    "scale": [1, 1],
    "angle": 0,
    "label": "ENDMARKER"
}]