{"frames":{"loading_bar":{"frame":{"x":521,"y":618,"w":340,"h":26},"rotated":false,"trimmed":false,"spriteSourceSize":{"x":0,"y":0,"w":340,"h":26},"sourceSize":{"w":340,"h":26}},"loading_bar_full":{"frame":{"x":521,"y":601,"w":272,"h":16},"rotated":false,"trimmed":false,"spriteSourceSize":{"x":0,"y":0,"w":272,"h":16},"sourceSize":{"w":272,"h":16}},"whell_1":{"frame":{"x":0,"y":0,"w":450,"h":450},"rotated":false,"trimmed":false,"spriteSourceSize":{"x":0,"y":0,"w":450,"h":450},"sourceSize":{"w":450,"h":450}},"shine_title":{"frame":{"x":0,"y":451,"w":520,"h":520},"rotated":false,"trimmed":false,"spriteSourceSize":{"x":0,"y":0,"w":520,"h":520},"sourceSize":{"w":520,"h":520}},"whell_2":{"frame":{"x":521,"y":0,"w":600,"h":600},"rotated":false,"trimmed":false,"spriteSourceSize":{"x":0,"y":0,"w":600,"h":600},"sourceSize":{"w":600,"h":600}}},"meta":{"app":"https://www.leshylabs.com/apps/sstool/","version":"Leshy SpriteSheet Tool v0.8.4","image":"spritesheet.png","size":{"w":1121,"h":971},"scale":1}}