{"frames":{"thanks_bubble":{"frame":{"x":321,"y":0,"w":200,"h":78},"rotated":false,"trimmed":false,"spriteSourceSize":{"x":0,"y":0,"w":200,"h":78},"sourceSize":{"w":200,"h":78}},"unselected_day":{"frame":{"x":218,"y":189,"w":99,"h":47},"rotated":false,"trimmed":false,"spriteSourceSize":{"x":0,"y":0,"w":99,"h":47},"sourceSize":{"w":99,"h":47}},"arrow":{"frame":{"x":439,"y":316,"w":50,"h":42},"rotated":false,"trimmed":false,"spriteSourceSize":{"x":0,"y":0,"w":50,"h":42},"sourceSize":{"w":50,"h":42}},"bar":{"frame":{"x":522,"y":499,"w":280,"h":52},"rotated":false,"trimmed":false,"spriteSourceSize":{"x":0,"y":0,"w":280,"h":52},"sourceSize":{"w":280,"h":52}},"bar_fill":{"frame":{"x":522,"y":637,"w":260,"h":32},"rotated":false,"trimmed":false,"spriteSourceSize":{"x":0,"y":0,"w":260,"h":32},"sourceSize":{"w":260,"h":32}},"big_pink_present":{"frame":{"x":0,"y":237,"w":231,"h":226},"rotated":false,"trimmed":false,"spriteSourceSize":{"x":0,"y":0,"w":231,"h":226},"sourceSize":{"w":231,"h":226}},"current_day_box_big":{"frame":{"x":522,"y":380,"w":376,"h":118},"rotated":false,"trimmed":false,"spriteSourceSize":{"x":0,"y":0,"w":376,"h":118},"sourceSize":{"w":376,"h":118}},"future_day_box_big":{"frame":{"x":0,"y":464,"w":376,"h":118},"rotated":false,"trimmed":false,"spriteSourceSize":{"x":0,"y":0,"w":376,"h":118},"sourceSize":{"w":376,"h":118}},"passed_day_box":{"frame":{"x":377,"y":464,"w":117,"h":117},"rotated":false,"trimmed":false,"spriteSourceSize":{"x":0,"y":0,"w":117,"h":117},"sourceSize":{"w":117,"h":117}},"daily_rewards_ribbon":{"frame":{"x":0,"y":583,"w":520,"h":151},"rotated":false,"trimmed":false,"spriteSourceSize":{"x":0,"y":0,"w":520,"h":151},"sourceSize":{"w":520,"h":151}},"friend_frame":{"frame":{"x":321,"y":79,"w":154,"h":153},"rotated":false,"trimmed":false,"spriteSourceSize":{"x":0,"y":0,"w":154,"h":153},"sourceSize":{"w":154,"h":153}},"current_day_box":{"frame":{"x":0,"y":119,"w":117,"h":117},"rotated":false,"trimmed":false,"spriteSourceSize":{"x":0,"y":0,"w":117,"h":117},"sourceSize":{"w":117,"h":117}},"selected_day":{"frame":{"x":118,"y":189,"w":99,"h":47},"rotated":false,"trimmed":false,"spriteSourceSize":{"x":0,"y":0,"w":99,"h":47},"sourceSize":{"w":99,"h":47}},"daily_prize_panel_bg":{"frame":{"x":0,"y":0,"w":320,"h":118},"rotated":false,"trimmed":false,"spriteSourceSize":{"x":0,"y":0,"w":320,"h":118},"sourceSize":{"w":320,"h":118}},"medium_purple_present":{"frame":{"x":232,"y":306,"w":69,"h":71},"rotated":false,"trimmed":false,"spriteSourceSize":{"x":0,"y":0,"w":69,"h":71},"sourceSize":{"w":69,"h":71}},"future_day_box":{"frame":{"x":321,"y":316,"w":117,"h":117},"rotated":false,"trimmed":false,"spriteSourceSize":{"x":0,"y":0,"w":117,"h":117},"sourceSize":{"w":117,"h":117}},"seventh_day_box":{"frame":{"x":522,"y":552,"w":375,"h":84},"rotated":false,"trimmed":false,"spriteSourceSize":{"x":0,"y":0,"w":375,"h":84},"sourceSize":{"w":375,"h":84}},"small_green_present":{"frame":{"x":243,"y":119,"w":52,"h":48},"rotated":false,"trimmed":false,"spriteSourceSize":{"x":0,"y":0,"w":52,"h":48},"sourceSize":{"w":52,"h":48}},"small_pink_present":{"frame":{"x":118,"y":119,"w":71,"h":69},"rotated":false,"trimmed":false,"spriteSourceSize":{"x":0,"y":0,"w":71,"h":69},"sourceSize":{"w":71,"h":69}},"small_purple_present":{"frame":{"x":232,"y":378,"w":42,"h":44},"rotated":false,"trimmed":false,"spriteSourceSize":{"x":0,"y":0,"w":42,"h":44},"sourceSize":{"w":42,"h":44}},"medium_green_present":{"frame":{"x":232,"y":237,"w":72,"h":68},"rotated":false,"trimmed":false,"spriteSourceSize":{"x":0,"y":0,"w":72,"h":68},"sourceSize":{"w":72,"h":68}},"friends_avatars":{"frame":{"x":190,"y":119,"w":52,"h":48},"rotated":false,"trimmed":false,"spriteSourceSize":{"x":0,"y":0,"w":52,"h":48},"sourceSize":{"w":52,"h":48}},"medium_pink_present":{"frame":{"x":321,"y":233,"w":84,"h":82},"rotated":false,"trimmed":false,"spriteSourceSize":{"x":0,"y":0,"w":84,"h":82},"sourceSize":{"w":84,"h":82}},"reward_BG":{"frame":{"x":522,"y":0,"w":380,"h":379},"rotated":false,"trimmed":false,"spriteSourceSize":{"x":0,"y":0,"w":380,"h":379},"sourceSize":{"w":380,"h":379}},"big_popup":{"frame":{"x":903,"y":0,"w":510,"h":714},"rotated":false,"trimmed":false,"spriteSourceSize":{"x":0,"y":0,"w":510,"h":714},"sourceSize":{"w":510,"h":714}}},"meta":{"app":"https://www.leshylabs.com/apps/sstool/","version":"Leshy SpriteSheet Tool v0.8.4","image":"spritesheet.png","size":{"w":1413,"h":734},"scale":1}}