{"frames":{"item_0":{"frame":{"x":0,"y":0,"w":86,"h":90},"rotated":false,"trimmed":false,"spriteSourceSize":{"x":0,"y":0,"w":86,"h":90},"sourceSize":{"w":86,"h":90}},"blocker_chain":{"frame":{"x":478,"y":272,"w":68,"h":64},"rotated":false,"trimmed":false,"spriteSourceSize":{"x":0,"y":0,"w":68,"h":64},"sourceSize":{"w":68,"h":64}},"item_1":{"frame":{"x":87,"y":0,"w":86,"h":90},"rotated":false,"trimmed":false,"spriteSourceSize":{"x":0,"y":0,"w":86,"h":90},"sourceSize":{"w":86,"h":90}},"item_2":{"frame":{"x":0,"y":91,"w":86,"h":90},"rotated":false,"trimmed":false,"spriteSourceSize":{"x":0,"y":0,"w":86,"h":90},"sourceSize":{"w":86,"h":90}},"blocker_chain_wrapped":{"frame":{"x":478,"y":337,"w":68,"h":64},"rotated":false,"trimmed":false,"spriteSourceSize":{"x":0,"y":0,"w":68,"h":64},"sourceSize":{"w":68,"h":64}},"blocker_chain_wrapped_2":{"frame":{"x":478,"y":402,"w":68,"h":64},"rotated":false,"trimmed":false,"spriteSourceSize":{"x":0,"y":0,"w":68,"h":64},"sourceSize":{"w":68,"h":64}},"blocker_lock":{"frame":{"x":68,"y":483,"w":36,"h":43},"rotated":false,"trimmed":false,"spriteSourceSize":{"x":0,"y":0,"w":36,"h":43},"sourceSize":{"w":36,"h":43}},"chest_top_04":{"frame":{"x":67,"y":534,"w":66,"h":33},"rotated":false,"trimmed":false,"spriteSourceSize":{"x":0,"y":0,"w":66,"h":33},"sourceSize":{"w":66,"h":33}},"chest_top_02":{"frame":{"x":455,"y":483,"w":66,"h":34},"rotated":false,"trimmed":false,"spriteSourceSize":{"x":0,"y":0,"w":66,"h":34},"sourceSize":{"w":66,"h":34}},"chest_top_03":{"frame":{"x":105,"y":483,"w":66,"h":42},"rotated":false,"trimmed":false,"spriteSourceSize":{"x":0,"y":0,"w":66,"h":42},"sourceSize":{"w":66,"h":42}},"concrete_1_1":{"frame":{"x":172,"y":483,"w":40,"h":36},"rotated":false,"trimmed":false,"spriteSourceSize":{"x":0,"y":0,"w":40,"h":36},"sourceSize":{"w":40,"h":36}},"concrete_1_2":{"frame":{"x":213,"y":483,"w":36,"h":36},"rotated":false,"trimmed":false,"spriteSourceSize":{"x":0,"y":0,"w":36,"h":36},"sourceSize":{"w":36,"h":36}},"concrete_2":{"frame":{"x":250,"y":483,"w":67,"h":36},"rotated":false,"trimmed":false,"spriteSourceSize":{"x":0,"y":0,"w":67,"h":36},"sourceSize":{"w":67,"h":36}},"concrete_1":{"frame":{"x":134,"y":534,"w":63,"h":29},"rotated":false,"trimmed":false,"spriteSourceSize":{"x":0,"y":0,"w":63,"h":29},"sourceSize":{"w":63,"h":29}},"dirt_3":{"frame":{"x":73,"y":410,"w":72,"h":72},"rotated":false,"trimmed":false,"spriteSourceSize":{"x":0,"y":0,"w":72,"h":72},"sourceSize":{"w":72,"h":72}},"concrete_3":{"frame":{"x":0,"y":483,"w":67,"h":50},"rotated":false,"trimmed":false,"spriteSourceSize":{"x":0,"y":0,"w":67,"h":50},"sourceSize":{"w":67,"h":50}},"concrete_2_1":{"frame":{"x":198,"y":534,"w":39,"h":29},"rotated":false,"trimmed":false,"spriteSourceSize":{"x":0,"y":0,"w":39,"h":29},"sourceSize":{"w":39,"h":29}},"ice_crack_2":{"frame":{"x":478,"y":138,"w":70,"h":66},"rotated":false,"trimmed":false,"spriteSourceSize":{"x":0,"y":0,"w":70,"h":66},"sourceSize":{"w":70,"h":66}},"dirt_1":{"frame":{"x":0,"y":410,"w":72,"h":72},"rotated":false,"trimmed":false,"spriteSourceSize":{"x":0,"y":0,"w":72,"h":72},"sourceSize":{"w":72,"h":72}},"ice_front":{"frame":{"x":217,"y":410,"w":70,"h":70},"rotated":false,"trimmed":false,"spriteSourceSize":{"x":0,"y":0,"w":70,"h":70},"sourceSize":{"w":70,"h":70}},"ice_crack_3":{"frame":{"x":478,"y":71,"w":70,"h":66},"rotated":false,"trimmed":false,"spriteSourceSize":{"x":0,"y":0,"w":70,"h":66},"sourceSize":{"w":70,"h":66}},"concrete_3_1":{"frame":{"x":238,"y":534,"w":32,"h":27},"rotated":false,"trimmed":false,"spriteSourceSize":{"x":0,"y":0,"w":32,"h":27},"sourceSize":{"w":32,"h":27}},"candy_1":{"frame":{"x":0,"y":334,"w":75,"h":75},"rotated":false,"trimmed":false,"spriteSourceSize":{"x":0,"y":0,"w":75,"h":75},"sourceSize":{"w":75,"h":75}},"ice_crack_1":{"frame":{"x":343,"y":410,"w":70,"h":70},"rotated":false,"trimmed":false,"spriteSourceSize":{"x":0,"y":0,"w":70,"h":70},"sourceSize":{"w":70,"h":70}},"candy_1_bonus_3":{"frame":{"x":152,"y":334,"w":75,"h":75},"rotated":false,"trimmed":false,"spriteSourceSize":{"x":0,"y":0,"w":75,"h":75},"sourceSize":{"w":75,"h":75}},"dirt_2":{"frame":{"x":402,"y":302,"w":72,"h":72},"rotated":false,"trimmed":false,"spriteSourceSize":{"x":0,"y":0,"w":72,"h":72},"sourceSize":{"w":72,"h":72}},"infection_front":{"frame":{"x":146,"y":410,"w":70,"h":70},"rotated":false,"trimmed":false,"spriteSourceSize":{"x":0,"y":0,"w":70,"h":70},"sourceSize":{"w":70,"h":70}},"candy_1_bonus_2":{"frame":{"x":402,"y":0,"w":75,"h":75},"rotated":false,"trimmed":false,"spriteSourceSize":{"x":0,"y":0,"w":75,"h":75},"sourceSize":{"w":75,"h":75}},"candy_1_bonus_1":{"frame":{"x":304,"y":334,"w":75,"h":75},"rotated":false,"trimmed":false,"spriteSourceSize":{"x":0,"y":0,"w":75,"h":75},"sourceSize":{"w":75,"h":75}},"candy_2_bonus_1":{"frame":{"x":228,"y":334,"w":75,"h":75},"rotated":false,"trimmed":false,"spriteSourceSize":{"x":0,"y":0,"w":75,"h":75},"sourceSize":{"w":75,"h":75}},"candy_2":{"frame":{"x":76,"y":258,"w":75,"h":75},"rotated":false,"trimmed":false,"spriteSourceSize":{"x":0,"y":0,"w":75,"h":75},"sourceSize":{"w":75,"h":75}},"candy_2_bonus_2":{"frame":{"x":76,"y":334,"w":75,"h":75},"rotated":false,"trimmed":false,"spriteSourceSize":{"x":0,"y":0,"w":75,"h":75},"sourceSize":{"w":75,"h":75}},"candy_2_bonus_3":{"frame":{"x":326,"y":228,"w":75,"h":75},"rotated":false,"trimmed":false,"spriteSourceSize":{"x":0,"y":0,"w":75,"h":75},"sourceSize":{"w":75,"h":75}},"candy_3":{"frame":{"x":326,"y":152,"w":75,"h":75},"rotated":false,"trimmed":false,"spriteSourceSize":{"x":0,"y":0,"w":75,"h":75},"sourceSize":{"w":75,"h":75}},"candy_3_bonus_2":{"frame":{"x":326,"y":76,"w":75,"h":75},"rotated":false,"trimmed":false,"spriteSourceSize":{"x":0,"y":0,"w":75,"h":75},"sourceSize":{"w":75,"h":75}},"candy_3_bonus_1":{"frame":{"x":174,"y":0,"w":75,"h":75},"rotated":false,"trimmed":false,"spriteSourceSize":{"x":0,"y":0,"w":75,"h":75},"sourceSize":{"w":75,"h":75}},"candy_3_bonus_3":{"frame":{"x":152,"y":258,"w":75,"h":75},"rotated":false,"trimmed":false,"spriteSourceSize":{"x":0,"y":0,"w":75,"h":75},"sourceSize":{"w":75,"h":75}},"candy_4_bonus_2":{"frame":{"x":402,"y":152,"w":75,"h":75},"rotated":false,"trimmed":false,"spriteSourceSize":{"x":0,"y":0,"w":75,"h":75},"sourceSize":{"w":75,"h":75}},"candy_4":{"frame":{"x":402,"y":76,"w":75,"h":75},"rotated":false,"trimmed":false,"spriteSourceSize":{"x":0,"y":0,"w":75,"h":75},"sourceSize":{"w":75,"h":75}},"candy_5":{"frame":{"x":0,"y":258,"w":75,"h":75},"rotated":false,"trimmed":false,"spriteSourceSize":{"x":0,"y":0,"w":75,"h":75},"sourceSize":{"w":75,"h":75}},"candy_4_bonus_1":{"frame":{"x":250,"y":152,"w":75,"h":75},"rotated":false,"trimmed":false,"spriteSourceSize":{"x":0,"y":0,"w":75,"h":75},"sourceSize":{"w":75,"h":75}},"candy_4_bonus_3":{"frame":{"x":250,"y":76,"w":75,"h":75},"rotated":false,"trimmed":false,"spriteSourceSize":{"x":0,"y":0,"w":75,"h":75},"sourceSize":{"w":75,"h":75}},"candy_5_bonus_1":{"frame":{"x":250,"y":0,"w":75,"h":75},"rotated":false,"trimmed":false,"spriteSourceSize":{"x":0,"y":0,"w":75,"h":75},"sourceSize":{"w":75,"h":75}},"candy_5_bonus_2":{"frame":{"x":152,"y":182,"w":75,"h":75},"rotated":false,"trimmed":false,"spriteSourceSize":{"x":0,"y":0,"w":75,"h":75},"sourceSize":{"w":75,"h":75}},"candy_6":{"frame":{"x":76,"y":182,"w":75,"h":75},"rotated":false,"trimmed":false,"spriteSourceSize":{"x":0,"y":0,"w":75,"h":75},"sourceSize":{"w":75,"h":75}},"candy_5_bonus_3":{"frame":{"x":0,"y":182,"w":75,"h":75},"rotated":false,"trimmed":false,"spriteSourceSize":{"x":0,"y":0,"w":75,"h":75},"sourceSize":{"w":75,"h":75}},"candy_6_bonus_1":{"frame":{"x":174,"y":76,"w":75,"h":75},"rotated":false,"trimmed":false,"spriteSourceSize":{"x":0,"y":0,"w":75,"h":75},"sourceSize":{"w":75,"h":75}},"candy_infection":{"frame":{"x":478,"y":0,"w":70,"h":70},"rotated":false,"trimmed":false,"spriteSourceSize":{"x":0,"y":0,"w":70,"h":70},"sourceSize":{"w":70,"h":70}},"candy_chest":{"frame":{"x":478,"y":205,"w":66,"h":66},"rotated":false,"trimmed":false,"spriteSourceSize":{"x":0,"y":0,"w":66,"h":66},"sourceSize":{"w":66,"h":66}},"candy_6_bonus_2":{"frame":{"x":326,"y":0,"w":75,"h":75},"rotated":false,"trimmed":false,"spriteSourceSize":{"x":0,"y":0,"w":75,"h":75},"sourceSize":{"w":75,"h":75}},"candy_6_bonus_3":{"frame":{"x":228,"y":258,"w":75,"h":75},"rotated":false,"trimmed":false,"spriteSourceSize":{"x":0,"y":0,"w":75,"h":75},"sourceSize":{"w":75,"h":75}},"candy_goalCandy":{"frame":{"x":402,"y":228,"w":73,"h":73},"rotated":false,"trimmed":false,"spriteSourceSize":{"x":0,"y":0,"w":73,"h":73},"sourceSize":{"w":73,"h":73}},"candy_spiral":{"frame":{"x":87,"y":91,"w":76,"h":76},"rotated":false,"trimmed":false,"spriteSourceSize":{"x":0,"y":0,"w":76,"h":76},"sourceSize":{"w":76,"h":76}},"candy_r":{"frame":{"x":414,"y":410,"w":50,"h":59},"rotated":false,"trimmed":false,"spriteSourceSize":{"x":0,"y":0,"w":50,"h":59},"sourceSize":{"w":50,"h":59}},"chest_bottom":{"frame":{"x":318,"y":483,"w":66,"h":34},"rotated":false,"trimmed":false,"spriteSourceSize":{"x":0,"y":0,"w":66,"h":34},"sourceSize":{"w":66,"h":34}},"candy_spiral_2":{"frame":{"x":288,"y":410,"w":54,"h":70},"rotated":false,"trimmed":false,"spriteSourceSize":{"x":0,"y":0,"w":54,"h":70},"sourceSize":{"w":54,"h":70}},"chest_top_00":{"frame":{"x":0,"y":534,"w":66,"h":33},"rotated":false,"trimmed":false,"spriteSourceSize":{"x":0,"y":0,"w":66,"h":33},"sourceSize":{"w":66,"h":33}},"chest_top_01":{"frame":{"x":402,"y":375,"w":66,"h":33},"rotated":false,"trimmed":false,"spriteSourceSize":{"x":0,"y":0,"w":66,"h":33},"sourceSize":{"w":66,"h":33}},"score_bar_star_blank":{"frame":{"x":385,"y":483,"w":34,"h":34},"rotated":false,"trimmed":false,"spriteSourceSize":{"x":0,"y":0,"w":34,"h":34},"sourceSize":{"w":34,"h":34}},"score_bar_star":{"frame":{"x":420,"y":483,"w":34,"h":34},"rotated":false,"trimmed":false,"spriteSourceSize":{"x":0,"y":0,"w":34,"h":34},"sourceSize":{"w":34,"h":34}}},"meta":{"app":"https://www.leshylabs.com/apps/sstool/","version":"Leshy SpriteSheet Tool v0.8.4","image":"spritesheet.png","size":{"w":548,"h":567},"scale":1}}