{"frames":{"highscore-panel-content-bg":{"frame":{"x":0,"y":663,"w":640,"h":598},"rotated":false,"trimmed":false,"spriteSourceSize":{"x":0,"y":0,"w":640,"h":598},"sourceSize":{"w":640,"h":598}},"highscore-panel-tab-friends-active":{"frame":{"x":0,"y":525,"w":640,"h":68},"rotated":false,"trimmed":false,"spriteSourceSize":{"x":0,"y":0,"w":640,"h":68},"sourceSize":{"w":640,"h":68}},"highscore-panel-tab-friends-inactive":{"frame":{"x":643,"y":1012,"w":640,"h":68},"rotated":false,"trimmed":false,"spriteSourceSize":{"x":0,"y":0,"w":640,"h":68},"sourceSize":{"w":640,"h":68}},"highscore-panel-tab-global-active":{"frame":{"x":643,"y":0,"w":640,"h":68},"rotated":false,"trimmed":false,"spriteSourceSize":{"x":0,"y":0,"w":640,"h":68},"sourceSize":{"w":640,"h":68}},"btn_down":{"frame":{"x":290,"y":142,"w":60,"h":65},"rotated":false,"trimmed":false,"spriteSourceSize":{"x":0,"y":0,"w":60,"h":65},"sourceSize":{"w":60,"h":65}},"highscore-panel-tab-global-inactive":{"frame":{"x":0,"y":594,"w":640,"h":68},"rotated":false,"trimmed":false,"spriteSourceSize":{"x":0,"y":0,"w":640,"h":68},"sourceSize":{"w":640,"h":68}},"highscore-v-hl":{"frame":{"x":0,"y":0,"w":604,"h":70},"rotated":false,"trimmed":false,"spriteSourceSize":{"x":0,"y":0,"w":604,"h":70},"sourceSize":{"w":604,"h":70}},"leaderboard_ingame_panel":{"frame":{"x":0,"y":404,"w":642,"h":120},"rotated":false,"trimmed":false,"spriteSourceSize":{"x":0,"y":0,"w":642,"h":120},"sourceSize":{"w":642,"h":120}},"ingame_progress_bar":{"frame":{"x":121,"y":142,"w":168,"h":93},"rotated":false,"trimmed":false,"spriteSourceSize":{"x":0,"y":0,"w":168,"h":93},"sourceSize":{"w":168,"h":93}},"progress_bar_star_1":{"frame":{"x":196,"y":365,"w":29,"h":30},"rotated":false,"trimmed":false,"spriteSourceSize":{"x":0,"y":0,"w":29,"h":30},"sourceSize":{"w":29,"h":30}},"highscore-v-hl-current":{"frame":{"x":643,"y":69,"w":604,"h":70},"rotated":false,"trimmed":false,"spriteSourceSize":{"x":0,"y":0,"w":604,"h":70},"sourceSize":{"w":604,"h":70}},"progress_bar_star_2":{"frame":{"x":498,"y":314,"w":42,"h":31},"rotated":false,"trimmed":false,"spriteSourceSize":{"x":0,"y":0,"w":42,"h":31},"sourceSize":{"w":42,"h":31}},"progress_bar_star_3":{"frame":{"x":141,"y":365,"w":54,"h":30},"rotated":false,"trimmed":false,"spriteSourceSize":{"x":0,"y":0,"w":54,"h":30},"sourceSize":{"w":54,"h":30}},"waiting_icon":{"frame":{"x":0,"y":71,"w":70,"h":70},"rotated":false,"trimmed":false,"spriteSourceSize":{"x":0,"y":0,"w":70,"h":70},"sourceSize":{"w":70,"h":70}},"btn_up":{"frame":{"x":351,"y":142,"w":60,"h":65},"rotated":false,"trimmed":false,"spriteSourceSize":{"x":0,"y":0,"w":60,"h":65},"sourceSize":{"w":60,"h":65}},"btn_invite":{"frame":{"x":71,"y":71,"w":294,"h":64},"rotated":false,"trimmed":false,"spriteSourceSize":{"x":0,"y":0,"w":294,"h":64},"sourceSize":{"w":294,"h":64}},"btn_invite_ingame":{"frame":{"x":366,"y":71,"w":142,"h":64},"rotated":false,"trimmed":false,"spriteSourceSize":{"x":0,"y":0,"w":142,"h":64},"sourceSize":{"w":142,"h":64}},"top_ui_new":{"frame":{"x":643,"y":1081,"w":620,"h":166},"rotated":false,"trimmed":false,"spriteSourceSize":{"x":0,"y":0,"w":620,"h":166},"sourceSize":{"w":620,"h":166}},"giftBubble":{"frame":{"x":0,"y":142,"w":120,"h":120},"rotated":false,"trimmed":false,"spriteSourceSize":{"x":0,"y":0,"w":120,"h":120},"sourceSize":{"w":120,"h":120}},"highscore-avatar-alphaMask":{"frame":{"x":243,"y":263,"w":50,"h":50},"rotated":false,"trimmed":false,"spriteSourceSize":{"x":0,"y":0,"w":50,"h":50},"sourceSize":{"w":50,"h":50}},"giftBubble_active":{"frame":{"x":0,"y":263,"w":140,"h":140},"rotated":false,"trimmed":false,"spriteSourceSize":{"x":0,"y":0,"w":140,"h":140},"sourceSize":{"w":140,"h":140}},"highscore-avatar-border_num":{"frame":{"x":141,"y":263,"w":50,"h":50},"rotated":false,"trimmed":false,"spriteSourceSize":{"x":0,"y":0,"w":50,"h":50},"sourceSize":{"w":50,"h":50}},"highscore-avatar-border":{"frame":{"x":192,"y":263,"w":50,"h":50},"rotated":false,"trimmed":false,"spriteSourceSize":{"x":0,"y":0,"w":50,"h":50},"sourceSize":{"w":50,"h":50}},"highscore-h-playerBg":{"frame":{"x":141,"y":314,"w":177,"h":50},"rotated":false,"trimmed":false,"spriteSourceSize":{"x":0,"y":0,"w":177,"h":50},"sourceSize":{"w":177,"h":50}},"highscore-h-playerBg_small":{"frame":{"x":370,"y":314,"w":127,"h":50},"rotated":false,"trimmed":false,"spriteSourceSize":{"x":0,"y":0,"w":127,"h":50},"sourceSize":{"w":127,"h":50}},"highscore-avatar-border_num_full":{"frame":{"x":319,"y":314,"w":50,"h":50},"rotated":false,"trimmed":false,"spriteSourceSize":{"x":0,"y":0,"w":50,"h":50},"sourceSize":{"w":50,"h":50}},"highscore-avatar-userBorder":{"frame":{"x":412,"y":142,"w":59,"h":60},"rotated":false,"trimmed":false,"spriteSourceSize":{"x":0,"y":0,"w":59,"h":60},"sourceSize":{"w":59,"h":60}},"highscore-panel-border":{"frame":{"x":643,"y":140,"w":640,"h":871},"rotated":false,"trimmed":false,"spriteSourceSize":{"x":0,"y":0,"w":640,"h":871},"sourceSize":{"w":640,"h":871}}},"meta":{"app":"https://www.leshylabs.com/apps/sstool/","version":"Leshy SpriteSheet Tool v0.8.4","image":"spritesheet.png","size":{"w":1283,"h":1261},"scale":1}}