{"frames":{"star_blank":{"frame":{"x":545,"y":439,"w":107,"h":104},"rotated":false,"trimmed":false,"spriteSourceSize":{"x":0,"y":0,"w":107,"h":104},"sourceSize":{"w":107,"h":104}},"star_small":{"frame":{"x":275,"y":493,"w":49,"h":48},"rotated":false,"trimmed":false,"spriteSourceSize":{"x":0,"y":0,"w":49,"h":48},"sourceSize":{"w":49,"h":48}},"starPart":{"frame":{"x":431,"y":213,"w":76,"h":74},"rotated":false,"trimmed":false,"spriteSourceSize":{"x":0,"y":0,"w":76,"h":74},"sourceSize":{"w":76,"h":74}},"text_shade_bg":{"frame":{"x":0,"y":493,"w":274,"h":119},"rotated":false,"trimmed":false,"spriteSourceSize":{"x":0,"y":0,"w":274,"h":119},"sourceSize":{"w":274,"h":119}},"top-panel-coinsBg":{"frame":{"x":352,"y":294,"w":161,"h":52},"rotated":false,"trimmed":false,"spriteSourceSize":{"x":0,"y":0,"w":161,"h":52},"sourceSize":{"w":161,"h":52}},"top-panel-heardsBg":{"frame":{"x":167,"y":263,"w":161,"h":50},"rotated":false,"trimmed":false,"spriteSourceSize":{"x":0,"y":0,"w":161,"h":50},"sourceSize":{"w":161,"h":50}},"top-panel-heart":{"frame":{"x":275,"y":542,"w":64,"h":66},"rotated":false,"trimmed":false,"spriteSourceSize":{"x":0,"y":0,"w":64,"h":66},"sourceSize":{"w":64,"h":66}},"top-panel-horizontal-bg":{"frame":{"x":0,"y":1188,"w":1240,"h":87},"rotated":false,"trimmed":false,"spriteSourceSize":{"x":0,"y":0,"w":1240,"h":87},"sourceSize":{"w":1240,"h":87}},"broken_heart":{"frame":{"x":545,"y":701,"w":68,"h":63},"rotated":false,"trimmed":false,"spriteSourceSize":{"x":0,"y":0,"w":68,"h":63},"sourceSize":{"w":68,"h":63}},"chest_full":{"frame":{"x":0,"y":185,"w":166,"h":140},"rotated":false,"trimmed":false,"spriteSourceSize":{"x":0,"y":0,"w":166,"h":140},"sourceSize":{"w":166,"h":140}},"top-panel-starsBg":{"frame":{"x":161,"y":375,"w":140,"h":50},"rotated":false,"trimmed":false,"spriteSourceSize":{"x":0,"y":0,"w":140,"h":50},"sourceSize":{"w":140,"h":50}},"top-panel-bg":{"frame":{"x":0,"y":1100,"w":640,"h":87},"rotated":false,"trimmed":false,"spriteSourceSize":{"x":0,"y":0,"w":640,"h":87},"sourceSize":{"w":640,"h":87}},"coin_1":{"frame":{"x":701,"y":987,"w":42,"h":42},"rotated":false,"trimmed":false,"spriteSourceSize":{"x":0,"y":0,"w":42,"h":42},"sourceSize":{"w":42,"h":42}},"coin_3":{"frame":{"x":756,"y":1070,"w":111,"h":117},"rotated":false,"trimmed":false,"spriteSourceSize":{"x":0,"y":0,"w":111,"h":117},"sourceSize":{"w":111,"h":117}},"coin_package_icon_0":{"frame":{"x":701,"y":854,"w":42,"h":44},"rotated":false,"trimmed":false,"spriteSourceSize":{"x":0,"y":0,"w":42,"h":44},"sourceSize":{"w":42,"h":44}},"coin_2":{"frame":{"x":428,"y":700,"w":89,"h":90},"rotated":false,"trimmed":false,"spriteSourceSize":{"x":0,"y":0,"w":89,"h":90},"sourceSize":{"w":89,"h":90}},"coin_package_icon_2":{"frame":{"x":0,"y":142,"w":78,"h":42},"rotated":false,"trimmed":false,"spriteSourceSize":{"x":0,"y":0,"w":78,"h":42},"sourceSize":{"w":78,"h":42}},"coin_package_icon_1":{"frame":{"x":161,"y":426,"w":58,"h":42},"rotated":false,"trimmed":false,"spriteSourceSize":{"x":0,"y":0,"w":58,"h":42},"sourceSize":{"w":58,"h":42}},"top-panel-start":{"frame":{"x":701,"y":899,"w":50,"h":50},"rotated":false,"trimmed":false,"spriteSourceSize":{"x":0,"y":0,"w":50,"h":50},"sourceSize":{"w":50,"h":50}},"coin_package_icon_3":{"frame":{"x":220,"y":426,"w":93,"h":42},"rotated":false,"trimmed":false,"spriteSourceSize":{"x":0,"y":0,"w":93,"h":42},"sourceSize":{"w":93,"h":42}},"coin_package_icon_4":{"frame":{"x":167,"y":193,"w":93,"h":69},"rotated":false,"trimmed":false,"spriteSourceSize":{"x":0,"y":0,"w":93,"h":69},"sourceSize":{"w":93,"h":69}},"coin_package_icon_5":{"frame":{"x":545,"y":250,"w":93,"h":93},"rotated":false,"trimmed":false,"spriteSourceSize":{"x":0,"y":0,"w":93,"h":93},"sourceSize":{"w":93,"h":93}},"tut_hand":{"frame":{"x":545,"y":344,"w":80,"h":94},"rotated":false,"trimmed":false,"spriteSourceSize":{"x":0,"y":0,"w":80,"h":94},"sourceSize":{"w":80,"h":94}},"task_slider":{"frame":{"x":0,"y":854,"w":700,"h":245},"rotated":false,"trimmed":false,"spriteSourceSize":{"x":0,"y":0,"w":700,"h":245},"sourceSize":{"w":700,"h":245}},"currency":{"frame":{"x":701,"y":1030,"w":42,"h":42},"rotated":false,"trimmed":false,"spriteSourceSize":{"x":0,"y":0,"w":42,"h":42},"sourceSize":{"w":42,"h":42}},"daily_icon_dark":{"frame":{"x":352,"y":536,"w":74,"h":74},"rotated":false,"trimmed":false,"spriteSourceSize":{"x":0,"y":0,"w":74,"h":74},"sourceSize":{"w":74,"h":74}},"dark_screen":{"frame":{"x":1516,"y":723,"w":150,"h":150},"rotated":false,"trimmed":false,"spriteSourceSize":{"x":0,"y":0,"w":150,"h":150},"sourceSize":{"w":150,"h":150}},"daily_icon":{"frame":{"x":0,"y":0,"w":74,"h":74},"rotated":false,"trimmed":false,"spriteSourceSize":{"x":0,"y":0,"w":74,"h":74},"sourceSize":{"w":74,"h":74}},"eraser":{"frame":{"x":702,"y":1100,"w":50,"h":50},"rotated":false,"trimmed":false,"spriteSourceSize":{"x":0,"y":0,"w":50,"h":50},"sourceSize":{"w":50,"h":50}},"failed_dimond":{"frame":{"x":167,"y":0,"w":184,"h":192},"rotated":false,"trimmed":false,"spriteSourceSize":{"x":0,"y":0,"w":184,"h":192},"sourceSize":{"w":184,"h":192}},"gate":{"frame":{"x":0,"y":326,"w":160,"h":166},"rotated":false,"trimmed":false,"spriteSourceSize":{"x":0,"y":0,"w":160,"h":166},"sourceSize":{"w":160,"h":166}},"gift":{"frame":{"x":352,"y":347,"w":162,"h":188},"rotated":false,"trimmed":false,"spriteSourceSize":{"x":0,"y":0,"w":162,"h":188},"sourceSize":{"w":162,"h":188}},"gift_small":{"frame":{"x":472,"y":795,"w":40,"h":46},"rotated":false,"trimmed":false,"spriteSourceSize":{"x":0,"y":0,"w":40,"h":46},"sourceSize":{"w":40,"h":46}},"goal_bar_empty":{"frame":{"x":756,"y":778,"w":378,"h":90},"rotated":false,"trimmed":false,"spriteSourceSize":{"x":0,"y":0,"w":378,"h":90},"sourceSize":{"w":378,"h":90}},"goal_bar_full":{"frame":{"x":756,"y":1045,"w":366,"h":24},"rotated":false,"trimmed":false,"spriteSourceSize":{"x":0,"y":0,"w":366,"h":24},"sourceSize":{"w":366,"h":24}},"lock":{"frame":{"x":545,"y":765,"w":73,"h":86},"rotated":false,"trimmed":false,"spriteSourceSize":{"x":0,"y":0,"w":73,"h":86},"sourceSize":{"w":73,"h":86}},"gold_wheel_ribbon":{"frame":{"x":1145,"y":660,"w":440,"h":62},"rotated":false,"trimmed":false,"spriteSourceSize":{"x":0,"y":0,"w":440,"h":62},"sourceSize":{"w":440,"h":62}},"heart":{"frame":{"x":261,"y":193,"w":61,"h":62},"rotated":false,"trimmed":false,"spriteSourceSize":{"x":0,"y":0,"w":61,"h":62},"sourceSize":{"w":61,"h":62}},"minus_ico":{"frame":{"x":667,"y":1159,"w":25,"h":25},"rotated":false,"trimmed":false,"spriteSourceSize":{"x":0,"y":0,"w":25,"h":25},"sourceSize":{"w":25,"h":25}},"icon_video_coins":{"frame":{"x":756,"y":869,"w":377,"h":175},"rotated":false,"trimmed":false,"spriteSourceSize":{"x":0,"y":0,"w":377,"h":175},"sourceSize":{"w":377,"h":175}},"icon_video_gift":{"frame":{"x":0,"y":613,"w":427,"h":181},"rotated":false,"trimmed":false,"spriteSourceSize":{"x":0,"y":0,"w":427,"h":181},"sourceSize":{"w":427,"h":181}},"movie_icon":{"frame":{"x":352,"y":38,"w":147,"h":174},"rotated":false,"trimmed":false,"spriteSourceSize":{"x":0,"y":0,"w":147,"h":174},"sourceSize":{"w":147,"h":174}},"off_lable":{"frame":{"x":0,"y":75,"w":115,"h":66},"rotated":false,"trimmed":false,"spriteSourceSize":{"x":0,"y":0,"w":115,"h":66},"sourceSize":{"w":115,"h":66}},"move_extra_label":{"frame":{"x":352,"y":0,"w":192,"h":37},"rotated":false,"trimmed":false,"spriteSourceSize":{"x":0,"y":0,"w":192,"h":37},"sourceSize":{"w":192,"h":37}},"icon_video_hearts":{"frame":{"x":1145,"y":723,"w":370,"h":175},"rotated":false,"trimmed":false,"spriteSourceSize":{"x":0,"y":0,"w":370,"h":175},"sourceSize":{"w":370,"h":175}},"plus_ico":{"frame":{"x":641,"y":1159,"w":25,"h":25},"rotated":false,"trimmed":false,"spriteSourceSize":{"x":0,"y":0,"w":25,"h":25},"sourceSize":{"w":25,"h":25}},"popup_bigtext_backgr":{"frame":{"x":0,"y":795,"w":471,"h":58},"rotated":false,"trimmed":false,"spriteSourceSize":{"x":0,"y":0,"w":471,"h":58},"sourceSize":{"w":471,"h":58}},"popup_lighht":{"frame":{"x":545,"y":55,"w":193,"h":194},"rotated":false,"trimmed":false,"spriteSourceSize":{"x":0,"y":0,"w":193,"h":194},"sourceSize":{"w":193,"h":194}},"popup_text_backgr":{"frame":{"x":545,"y":0,"w":210,"h":54},"rotated":false,"trimmed":false,"spriteSourceSize":{"x":0,"y":0,"w":210,"h":54},"sourceSize":{"w":210,"h":54}},"star":{"frame":{"x":868,"y":1070,"w":119,"h":116},"rotated":false,"trimmed":false,"spriteSourceSize":{"x":0,"y":0,"w":119,"h":116},"sourceSize":{"w":119,"h":116}},"score_icon":{"frame":{"x":545,"y":544,"w":80,"h":75},"rotated":false,"trimmed":false,"spriteSourceSize":{"x":0,"y":0,"w":80,"h":75},"sourceSize":{"w":80,"h":75}},"prize_wheel_arrow":{"frame":{"x":427,"y":536,"w":76,"h":71},"rotated":false,"trimmed":false,"spriteSourceSize":{"x":0,"y":0,"w":76,"h":71},"sourceSize":{"w":76,"h":71}},"avatar_f":{"frame":{"x":161,"y":326,"w":48,"h":48},"rotated":false,"trimmed":false,"spriteSourceSize":{"x":0,"y":0,"w":48,"h":48},"sourceSize":{"w":48,"h":48}},"avatar_frame":{"frame":{"x":641,"y":1100,"w":60,"h":58},"rotated":false,"trimmed":false,"spriteSourceSize":{"x":0,"y":0,"w":60,"h":58},"sourceSize":{"w":60,"h":58}},"avatar_f_big":{"frame":{"x":352,"y":213,"w":78,"h":80},"rotated":false,"trimmed":false,"spriteSourceSize":{"x":0,"y":0,"w":78,"h":80},"sourceSize":{"w":78,"h":80}},"avatar_m":{"frame":{"x":116,"y":0,"w":48,"h":48},"rotated":false,"trimmed":false,"spriteSourceSize":{"x":0,"y":0,"w":48,"h":48},"sourceSize":{"w":48,"h":48}},"avatar_frame_big":{"frame":{"x":428,"y":613,"w":88,"h":86},"rotated":false,"trimmed":false,"spriteSourceSize":{"x":0,"y":0,"w":88,"h":86},"sourceSize":{"w":88,"h":86}},"avatar_m_big":{"frame":{"x":545,"y":620,"w":78,"h":80},"rotated":false,"trimmed":false,"spriteSourceSize":{"x":0,"y":0,"w":78,"h":80},"sourceSize":{"w":78,"h":80}},"booster_ammount":{"frame":{"x":701,"y":950,"w":36,"h":36},"rotated":false,"trimmed":false,"spriteSourceSize":{"x":0,"y":0,"w":36,"h":36},"sourceSize":{"w":36,"h":36}},"gold_wheel":{"frame":{"x":756,"y":0,"w":388,"h":388},"rotated":false,"trimmed":false,"spriteSourceSize":{"x":0,"y":0,"w":388,"h":388},"sourceSize":{"w":388,"h":388}},"popup_top":{"frame":{"x":1145,"y":899,"w":620,"h":211},"rotated":false,"trimmed":false,"spriteSourceSize":{"x":0,"y":0,"w":620,"h":211},"sourceSize":{"w":620,"h":211}},"prize_wheel_2":{"frame":{"x":756,"y":389,"w":388,"h":388},"rotated":false,"trimmed":false,"spriteSourceSize":{"x":0,"y":0,"w":388,"h":388},"sourceSize":{"w":388,"h":388}},"popup_background_2":{"frame":{"x":1145,"y":0,"w":660,"h":659},"rotated":false,"trimmed":false,"spriteSourceSize":{"x":0,"y":0,"w":660,"h":659},"sourceSize":{"w":660,"h":659}},"coins_lable":{"frame":{"x":210,"y":326,"w":103,"h":47},"rotated":false,"trimmed":false,"spriteSourceSize":{"x":0,"y":0,"w":103,"h":47},"sourceSize":{"w":103,"h":47}}},"meta":{"app":"https://www.leshylabs.com/apps/sstool/","version":"Leshy SpriteSheet Tool v0.8.4","image":"spritesheet.png","size":{"w":1805,"h":1275},"scale":1}}